,players
0,Ahwii
1,Blazze
2,Prabhably
3,Dark Rose Vayne
4,hyperton
5,Oner v2
6,Jqckpot
7,ConTraiCungCuaMe
8,Dodge my Lantern
9,llllllllllllIIll
10,CaiShiYuanZuiQAQ
11,Smiling Devil
12,RoseThorn
13,SlayYourGame
14,Spyy
15,IlIlIIIlIlIlII
16,WaIlDashin
17,Fiku
18,Prototype white
19,john nguyen suck
20,do b top gap
21,sparklol
22,Big WheeI
23,Levi Pug
24,Z Score
25,VoidStar
26,Everest76
27,LlL TOP
28,Cendilion
29,RIPStollie
30,Hot Ruffles8 
31,Nebulus
32,GrayFawx
33,Nee8
34,ttv 7Wylly7
35,Shieda Kayn
36,HelImet
37,Shroomologist
38,align my chakras
39,Injustable
40,enchant3r
41,pawn0
42,ArticXII
43,EQon111
44,Mystery Bunny
45,Arkaynn
46,RobbyBob
47,Arrogant
48,XiOnG XiOnG GuAl
49,FGNERF2010
50,for sky
51,cogii
52,EricZYang
53,hi im fam
54,KissFight
55,stray kid
56,Suna Shogun Sama
57,zeroz
58,WayneDwops
59,dtro18
60,Kyusung
61,Doopliss1
62,isKOPPEN
63,HotGuy6Pack
64,Qualification
65,LegendaryLaser
66,  Yazawa N1co
67,Lloth
68,zelooperz
69,Ran Out of Wit
70,AllGirlsRTheSame
71,LittleFiery
72,U ARE ALL TRASH
73,Peng Yu Yan 1
74,Han Yi
75,LB gotoe11
76,Last Savant
77,Windperson
78,Chime2
79,Chuc T
80,Bounty
81,Noodlz
82,Magearna
83,OpTic WaFFleS
84,yasshak
85,Daystatic
86,Fishlord
87,Colazzz
88,toreshi
89,champwithoutbelt
90,Shaminion
91,hunbuying
92,Shorthop
93,Dragowski
94,ioki
95,Waraight
96,The Big Time
97,George Boosh
98,Arctic Myths
99,Jiu Jiu
100,chenchenlol
101,Zile
102,Retired Hexyn
103,ur mom r all fat
104,GenjisLastBreath
105,happy game
106,Pingpaddler
107,wx NAtongtiandai
108,Eyla
109,DTC Jiansheng
110,Perfect illusi0n
111,Doojeeboy
112,Sum
113,Utopian Mindset
114,Aireech
115,GDOG
116,jchan3580
117,97KR
118,wu wei wu ju
119,Arkam19
120,gutguy10
121,Kaiwing1
122,Tos8719
123,Pentius
124,Nappy
125,92i
126,I am not Lemon
127,BerkleyHS Intern
128,Revenge of Avian
129,PsycheGlitch
130,endermaniac
131,All Legends Die
132,ControlMageEGirl
133,Aiden Yasuo
134,Cecil B Heimer
135,Ethanviper2000
136,Cylainius
137,The Battle Beast
138,Dadumdum
139,Justinian I
140,Alexey
141,bsavvage
142,ME FARM NO MOVE
143,love1
144,LMQ XiaoWeiXiao1
145,manspider011
146,WHY PP HARD 808
147,yonaguni enjoyer
148,A Ninja
149,Ken Carson
150,CY Blood
151,Vakin
152,coblsobr
153,C9 Avril
154,Beginning
155,Love Xi
156,vetheo
157,Rune Scimitar77
158,Nonstopping
159,Papi Dravie
160,iegg
161,Dark Matter
162,xradtiwentx
163,perry1
164,Jome
165,Deantasanto
166,hasaki warrior
167,Oltan
168,lsles
169,Lynnk
170,WafflesAndMilk
171,Putilt
172,la Tigre
173,Mystronamy
174,Genryuu Kaiko
175,scooterguy69
176,Artist Slice
177,Liquid Therapy 
178,DIg Striker
179,EG SkyTec
180,Itsagoodshot
181,L Bae
182,itzz Wags 2
183,twtvDoglightning
184,Strova
185,Doowan
186,Go camille Go
187,Butterfan3
188,Quick Overlord
189,Emprisonner
190,Shi zi gou
191,poor reasoning
192,Kurotsugu
193,Zap Rowsdower
194,KING WERTUY
195,lay z boi 
196,UnIess
197,Darkz
198,not playable
199,Jerky
200,mumu
201,KeriaJr
202,yuhhJoven
203,dog2
204,Drifting Chocobo
205,Rainn
206,strikerzone21
207,Hook King
208,Xenobladeguy1337
209,Aymmy
210,KingArtLeywin
211,Solarbacca
212,Synotic
213,atmost
214,Bupropion
215,Shacolate Milk
216,Cozy Shroud
217,Airren
218,AbrahamEst
219,Rank 1 Singed
220,candela
221,Peace In Nature
222,vampire queen
223,Axm
224,Dinkey
225,TRUNDLE REBORN
226,Chuty
227,Azog
228,Abedz
229,JackySan
230,Elle Me Dit
231,Chase
232,Yasukeh
233,QuinnAD Weakside
234,INANI
235,me anim
236,Kexi1
237,AsianSuperiority
238,Doaenel
239,Yun Qi Bao Bao
240,Curas Rose
241,Scanning
242,Zylfer
243,itsBarlo
244,TEAMLUKEE
245,warcyclone
246,H3LLoFeet
247,Derek HH
248,IlIllIlIllIII
249,Jezherogy
250,UF trdblaster
251,HAIDORA
252,Draven baka
253,Bio Teacher
254,Jinte
255,big dacko
256,Emps
257,MaRiTiMuS
258,Revenge
259,Breezyyy
260,Sybr
261,readysetgo1
262,Winaliel
263,Zequilla
264,xHAYDEN
265,04 Jug
266,TEMP 27236133
267,Dawiid
268,wzy
269,NIKJOJO
270,Dragoxx
271,5 Guns 0 Brains
272,Fated Temper
273,ExtremelyCurious
274,Mizli
275,MooMooMooCow
276,roll5
277,Triple L
278,LaxSavedMe
279,MaskedZero
280,KaldoLIVE
281,riversided
282,YYX
283,Km1er
284,Sushee
285,Midd Please
286,edg viper fan
287,rovex
288,Gganbu 001 
289,1Alchemist
290,TwTvLolplayerbad
291,Never Story
292,Felyx
293,Volte
294,TF Kisno
295,satoCHINO
296,Supportive Gamin
297,I love u Arantxa
298,xUsIcHerman
299,Your Glory
300,Marythyn
301,DavidTheGuy
302,Ring Men
303,Cpt Goofy
304,Devasis
305,Your Ruined King
306,under ur spell
307,Nzm
308,Iet me carry
309,FrowstyWaffles
310,Sword2
311,MechanicalReapr
312,diopa
313,Almighty
314,shxchi
315,PwG Jumper
316,Krustyy
317,Round of 16
318,Fanthom
319,Le Byul 
320,Zayno
321,Optimistic Ego
322,step1v9
323,EvilWeave
324,SpazzJG
325,electricSANDWICH
326,lets rap
327,keungi
328,tilamisus
329,my fish
330,Poor Mans Rose
331,Yubs
332, 7MI I
333,Pixeldrum
334,eBF
335,Omly
336,Negativity
337,Felfire
338,1a5l8a5s1c1s
339,Fazze
340,Assisted
341,Blueyoshi6
342,Rhaastafarian
343,Trieuly
344,DanDanQAQ
345,  A Frozen Titan
346,UZ Captain
347,Samidare
348,Chip Tha Rippa
349,Yeezus4life
350,Vace
351,future dreams
352,alvinchangrocks
353,Just A Pleb
354,Justable
355,quantumfan
356,Shortley
357,mode 0
358,pizzaman007
359,love must remain
360,Mr Comet
361,Abused Mid
362,PlsBuffNeeko
363,Calm Antebellum
364,innocenceV9
365,zlz plz win 
366,NY Ma lao shi
367,Witnesss Me
368,Bio1
369,BorgvVz
370,Sweet Tangerine
371,Xingze
372,Millennium Fox
373,No Hay Chance
374,1m Tired
375,ALLMIGHTONLY
376,TUNACADO
377,omero combo
378,xHypoxia
379,VoidOwl
380,Fatez
381,ttv IamAlson
382,Neo Restoration
383,Taffys
384,Narichi
385,Im at the lvl 5
386,Pinkman
387,stacked q
388,Proosia
389,Kyriu
390,jimball234
391,l Grymm l
392,GiftedByGods
393,Lycho
394,Bruder
395,Kayn98
396,ubao
397,Titan Dweevil
398,Shiba lnu
399,King Veer
400,Skarmori
401,Rocktank10
402,11 13 2005
403,BCR x RAM
404,InfiniteLaim
405,Whimsy434
406,Ariendel
407,FA Heartbreak
408,3uphoria
409,DoYouLikeMilktea
410,cliftonbeefy
411,yanderu
412,Piimpinator
413,so daydream
414,Chapter 1
415,Alesi
416,RYCEL
417,Yonsi
418,terryta
419,VX Najuehuo
420,Kaseem
421,Vuckae
422,Crissp
423,upset222
424,hooligan on rift
425,perryjg
426,Spect
427,Viceera
428,xRoyal
429,Le Hanni
430,HydroZenith
431,Pinwinasio
432,Ned
433,Fake smiIes
434,L9 CLAIRO
435,Bzhang
436,JDPayne
437,Unleashed1
438,Fiora
439,Shoubee
440,Nim Chimpsky
441,zhong lu dui ju
442,Angelic 6
443,Infernodan
444,Yura1
445,saltmarwasmid
446,Asmenor
447,Aizo
448,Yue yun zhi feng
449,The Golden King
450,kierky
451,i have a story
452,U Say Ur Horse
453,BatBoyMelee
454,Usni
455,Kshuna
456,Furyhorn
457,Fizz QWQ
458,Kexii1
459,Erased
460,Yat
461,Borb
462,Dandelion YIan
463,need some Iuck
464,bicycIe
465,Mabud
466,IIIllIIIllIIIllI
467,TsundereGun
468,SpicedKimchi
469,Evolves
470,ivyzz
471,Ineza
472,Lost Boy
473,Bie Shang Tou
474,otto is gun
475,MudBone69
476,loljanan
477,KingClueless
478,Cpt Underpants
479,Alfaren
480,Eita lzumi
481,Sopachi
482,Nerner KAT
483,sai desu
484,566
485,afters1
486,woxiangdatapi 
487,GrosGrag
488,Pentaless1 TTV
489,ISO Corvus
490,Yoshi Where
491,Tribute to a Kin
492,humzh
493,Burstshot
494,KillerUnit
495,CHADWlCK
496,WW1
497,nanx1n catcher
498,Kennnyy
499,Milky Way
500,Chalino Sanchez
501,hi im oreki
502,Pransie
503,ShyniRuo
504,fakeryboy
505,The Nine Tail
506,smart play
507,MajesticPony17
508,Funbari Onsen
509,Ambitieux
510,verite
511,zhong guo5
512,Haxorr
513,Joggerss
514,i am a girlboss
515,PatPatKittyKat
516,Exiled Heretic
517,SKT T1 Kaisaa
518,hyperaggression
519,Beyond The Sea
520, Ceros Fan
521,CensoredMercy
522,Max0
523,b solo lane
524,Hi5
525,Topopotamus
526,joebidenwakeup
527,Chaos Return
528,yzfx
529,S Monkey
530,8 Pack Olaf
531,Christopher1
532,Salis
533,INFJ TOP
534,RuhRohRush
535,Shordom
536,adc guts
537,MatchesAL
538,Pure Kawaii
539,needsomehuman
540,SUPREMEGKMOIST
541,Manco
542,DAMIIMAD
543,Memorie Futuro
544,ESG Marlboro
545,SSJ Goku
546,Tavolicious
547,Dior Diore
548,White Paper
549,REN JIAN SHI GE
550,wff011
551,lgneous
552,Zamudo
553,GD Love
554,Burp
555,DanieI Bae
556,Teacuppers
557,k0la
558,Niko Teppei
559,Nighty6
560,PAPA FILTH 
561,EPHESlANS 2 8
562,SHlTBUG
563,XnebaG 
564,tian yi nan wei
565,TempestLoveYuely
566,Zativert Vi
567,Issys Cutie
568,TheAbsoluteZer00
569,Sophism
570,S12 LCS
571,Keusios
572,ChuChuZ
573,Eye of Storm
574,Actually Insane
575,Kiss Me Slow
576,Hu Jiao Xiao Yao
577,Fafn1r
578,Chao Ji Nan Nan
579,Swooshe
580,TheShyWukong
581,Crimsonating
582,TheDankTank
583,DanasaurLoL
584,Quantum
585,Can Win N0 Need
586,King514
587,swooshy
588, Sudzzi
589,Sonic
590,Steefo
591,EDGHyper
592,Unknown Emp
593,boy kitten
594,Herson
595,Rhite Wice
596,Emended
597,Lossiferr
598,Fight me homie
599,Adan
600,good nightt
601,lolSaico
602,Best Cassio On
603,Wackaroni
604,hygge 1
605,Rabadon
606,KIDCUDI666
607,Bloody Mess
608,no invade pls
609,USAjj2
610,Blace
611,Eclipse
612,UF Fyrat
613,Eighty Six
614,Kato Lee
615,Dregonaut
616,KillerQueenYuumi
617,DOKHA
618,SoIitified
619,picapica
620,cy8
621,Ovise
622,tempkezysgqpzsqv
623,CrusherCake
624,KaranTheGreat
625,Repent
626,Ziz
627,Baby Pandah
628,lIllllIIIl
629,support is hard1
630,Annie Bot
631,ChampBl
632,Shes Super Tight
633,rocks908
634,tibs2
635,17shou
636,Augustine
637,Kaizer Morde
638,StyIez
639,FLABREZU
640,ttv Slyther6
641,rzd
642,Fidd 1
643,SlayerSupremelol
644,poome1
645,LightningRex
646,Trevor26
647,CASS7DY
648,CoreTienZ
649,l Love Mandu
650,Katana 0
651,NEED GOTH GF PLZ
652,bwypzb
653,Mercurial
654,The best Steve
655,B Lovee
656,Outsmarted
657,Jezusnpals
658,basalist
659,Ashita
660,Just A Nub IRL
661,Isolde
662,Kill Pending
663,OneButtonHero
664,UwU OwO Rawr X3 
665,OOFAFA
666,Angry game xD
667,bradleyyy
668,B0BBY
669,Autolykus
670,icee dancer
671,McLovin5550
672,TTV loljss
673,sgrug4
674,Hopeless0ne
675,AviIio
676,uNgGwMHilary
677,IceJunSlowly
678,no names to pick
679,Gimmick
680,SakuraAir
681,carrepairshop566
682,VanessaBelieves
683,Wario
684,Eric Wei
685,A little Yuki
686,kkgbyn
687,iSkaarly
688,tempjtshcjycswkv
689,Corgi the Pig
690,FobAsian
691,Joyas
692,Daiyume
693,Sebriiowo
694,soju mashija
695,Dangerous Uncle
696,Kingicepop
697,Tango
698,Chas3
699,Plutx1
700,Spin for Penta
701,nicosoccer11
702,Instincttt
703,parnelly
704,Murasaki Shikibu
705,Berik
706,smooth1e
707,sKILLSHOTz FIRED
708,SHERN
709,FeedTheCatfish
710,GoliathGames
711,Le JunMa
712,SOUPKITCHENCHEF
713,NintendudeX
714,Princess Mico
715,winloss fun
716,Mongolia Yuuji
717,Mixtoour
718,beta boy
719,zYuutor
720,ZombieOrange
721,Swords
722,niniim
723,EU Red
724,LF Noona
725,Swordblue
726,Main Sup
727,Big Pharma
728,JohnnyCap
729,Pure Genesis
730,Kvothe The Brave
731,gaozi
732,DEMON FACT
733,Fated Enigma
734,TES JackeyLove 8
735,Twtv Cupic
736,DabinPenguEmote
737,Pian Zi
738,YoojungHukiriLee
739,NotSporks
740,tutubearr
741,a liability
742,Renascor
743,Reckza
744,Derty
745,RoyalRoy
746,Kelpo
747,e143a143
748,Setije
749,JordanTheBoss
750,Marcutie
751,LegitKorea
752,KetRekt068
753,TL Yeon
754,vaemqrlcxvz
755,sPyke it up
756,sai yes
757,1Maxim
758,DrCalculus
759,Chookie
760,Deenie
761,smallplaypi
762,SparkleBrowniez
763,Gravebloom
764,Chao ren zhen
765,Wentworth Miller
766,Koni
767,Kind Jungle
768,Z o
769,Stabsie
770,XDME
771,Aldorroth
772,The Great Frog
773,Kill Minion
774,Amphy
775,ChocolateBun
776,Alyri OnlyFans
777,Fauntleroy
778,Daddy VIaddy
779,Chloe Moretz x3
780,Rickie
781,Ning Hai
782,xsmako
783,Plutx
784,0 n a t
785,tamakii
786,rockonhi5
787,Wispete
788,MONSTER CHAD GOD
789,Rugaru
790,duo bigfat
791,EvilToffee
792,CyanInkstone
793,v n
794,TheFatInTheCat
795,LockHP
796,JulianC
797,Wubziee
798,BestRivenSiChuan
799,WX Code0103
800,Blitz and Crank
801,Vikala
802,100 Chad
803,Beeklonk
804,01 26 04
805,love junaa
806,A Horny Rhino
807,Sempervirens
808,Sundae Gukbap
809,Xinthus
810,Aevahom
811,MalevolentTitan
812,C9 Chad Draven
813,fdecnadtsal
814,dellzor
815,Goth Squirrel
816,egirl ryze 
817,year of lourlo
818,C9 Copy
819,iybc9o2 q
820,CVU Radar
821,Orchard
822,MyBabeGirlXuan
823,Hafu Jr
824,zzwyw
825,Orange Tempest
826,Pleinair
827,nhozcrazy78
828,Tuna Trajectory
829,Izateylon
830,LEO99
831,Spooky
832,canipi
833,ClearLove20
834,Camp that Bush
835,Furinka3an
836,Gaming Tanker
837,Necroside
838,rly horny
839,l3engee
840,PoopSwag69
841,ellie999
842,Dig Bick Dandito
843,NecroKasier
844,Chimp
845,Tonington
846,Twodog
847,Wounds
848,In The Bible
849,markham mans
850,Kim Down
851,MapleShade
852,Zahnet
853,F0D
854,garlic naan34
855,Scenari0
856,Kimrin
857,Aatrox
858,A D
859,V1papa
860,PCL
861,Meslo
862,why you chasing
863,Renfa
864,ye yu
865,R0UFEN
866,Zyko
867,Th3L0LB0sS
868,FishIord
869,i like mages top
870,Xin baby
871,Heechan
872,Why am l Bad
873,raymondye123
874,Le July
875,Dinka
876,Fear of Max
877,TTea
878,Matches
879,SB Wazabiee
880,maxmg1187
881,LGM Snow
882,AkenoHimejimaDxD
883,Sh4dowFiend
884,Delights Garden
885,glass heart
886,AEightRocks
887,hotaze
888,TheRealPhilip
889,Inexhaustive
890,Super Big Ego
891,Someonehastodoit
892,dumpa
893,sahori
894,sweetvictoree
895,JonnyRockets
896,BronzeVg
897,Coca PH
898,Not2Clean
899,Garrett Meyerson
900,Setoo Kaiba
901,Sleepyz
902,Read John 3 16 
903,TRAFFI UNLEASHED
904,happens lol haha
905,Little Bear Bear
906,Sanchovies
907,Viegod Sabroso
908,Beewitching
909,learning brain
910,VIPERBIGANDA
911,Dragonmini
912,Rexalis
913,Phat Alado Bro
914,C9 eXyu
915,Iuchebine
916,Doxa
917,Navcan
918,10026969
919,iloveyou1234
920,Ferney Sanders
921,asap nocky
922,Feeding Vayne
923,Bluwunk
924,Grovy
925,Midicapa
926,MushroomSteak
927,2oon
928,Vultix
929,CookiesforSanta
930,02 16 2017
931,Bellow1
932,kacia
933,Wx Najuehuo
934,hellstar remina
935,rem
936,Zeyzal
937,Zerokoolkcs
938,Cherry Gum LCL
939,Yasuperior
940,CarryingPB
941,Wan An Husky
942,JungleDiffCrazy
943,jhin worst champ
944,Resilientsupport
945,NoNoYogi
946,LNZ na
947,Komari
948,MaplestoryGMS
949,courante76
950,KevinS ur Savior
951,NA chopsticks
952,baekho
953,ZYQ
954,PROD JG
955,M0N51eur
956,SpazzAD
957,Dragoon
958,Eliasey
959,Stingus
960,Dunlop
961,Le Kill
962,I Shadow I
963,Yao Bu Sheng Qi
964,dfgtredfg4
965,Shrimp Cpt
966,Nunu Main
967,BratEvolved
968,ADC IS GAPPED
969,wong diff
970,Long Hoang 
971,SisterJunky
972,Yorushika Kansei
973,Dragonminkim
974,A5PECT
975,Shockey
976,mind is calm
977,winstonleeyau
978,5 Role Patrol
979,Hai Le Song
980,Arsh
981,wonderboyzc
982,Itstheafternooon
983,AIlured By Day
984,lightrocket2
985,XIAOZHUPEIHANG
986,31798
987,KingOfAbeyance
988,da hei ji ji
989,CaosFury
990,TalkTooMuchMuted
991,Vincenttt
992,BE Han Jae
993,Wofye
994,Nhavilay
995,ChvyFakrShowMakr
996,Netflix and ZiI
997,TSM FrostForest
998,Stringer BeII
999,Okuri
1000,Emilia
1001,davidfighting
1002,Viet Conq Heimer
1003,Lagopotamus
1004,I is UZI
1005,miller68
1006,NIGHTMARE JG
1007,Dannyboy U wU
1008,ohh
1009,Zhadox
1010,Mataz
1011,Yogurt n Granola
1012,Lieutenant Piss
1013,Kreid
1014,Twillie
1015,Huntervault
1016,Camp this Bush
1017,Ixenbay
1018,SL Bullet
1019,xzyzy
1020,S10 SION JG KING
1021,MagsLuvShanks
1022,Antcliff
1023,SugarDaadyy
1024,JG WAP
1025,DeadGemini
1026,Icelandic Hero
1027,BerserkerBV
1028,SkiTzee
1029,SOKO Solo
1030,Invitrix
1031,Rebarded Support
1032,L9KILLINGMACHINE
1033,rovex3
1034,clown maker
1035,ExcaliberPrime
1036,Yunwinter
1037,SeckSi Bacon
1038,always plan ahea
1039,pixxxx
1040,insung
1041,Korena
1042,zMotionz
1043,saving na
1044,callum koi
1045,Stiifo
1046,jlandlol
1047,Last Hit
1048,Infemo
1049,Happy game xDD
1050,Rek It Ralph
1051,Davemon
1052,SPUTIDNAPG
1053,Brand Z
1054,Limitationss
1055,penq
1056,ur Uncle Sam
1057,Asyc
1058,Siekomode
1059,Deng Budao Nile
1060,Marksboy
1061,Senpai Neko
1062,EIated
1063,Ke Ai XIao Mi
1064,Youli
1065,Sakura PaiPai
1066,TheFanged
1067,APA1
1068,Raynarz
1069,Zamudo left nut
1070,KoKoNwoo
1071,ome dot tv
1072,Your Master
1073,LastIy
1074,SOLO QQQQQQ
1075,SnipaXD
1076,Melyn
1077,Clarrisa
1078,needyhenry
1079,Karhus
1080,Koggle
1081,Just Yuu and Mi
1082,Hot eBoy Xerath
1083,Amzer
1084,Paracha
1085,ShoDesu
1086,Klixx
1087,yu pian
1088,zhong guo
1089,Sarin
1090,MOB SIAB 
1091,GG HERMANO1
1092,Johnsquid
1093,LittleChimp
1094,AsteriskWaver
1095,Solodaboss
1096,ICarryMyAdCarry
1097,lIIIIIlIII
1098,path top
1099,no one but me
1100,I am Guts
1101,XXXHYPNOTICS
1102,Naffy
1103,Joyuming1
1104,Lee et al
1105,milqu
1106,Dimitrylol
1107,Reppy
1108,lnvent
1109,WarnedJacka
1110,Lemur
1111,BladeCube
1112,corgi dorgi
1113,rRooks
1114,Steam Sale
1115,NuzziG
1116,SUPPORT lS WEAK
1117,LittIe PP
1118,Aval0n
1119,Timescrollnom
1120,Good at Coping
1121,Gabyyz
1122,Juke Jouster
1123,BLACK TWITCH
1124,HappySupportGuy
1125,TiPinPin
1126,YaaYeet
1127,Stricken1297
1128,BPSN
1129,ttvEmadTheTurk
1130,chikorita fan
1131,Many
1132,Quirk
1133,mid is sup gap
1134,DrunkyRacoon
1135,Kang Sae Byeok1
1136,Houdini Brandini
1137,Yasuo is weak
1138,Mibuni
1139,nathan we miss u
1140,antownknee
1141,Lancrize 
1142,twtv itakute
1143,yukilove
1144,Winter
1145,SkooLuvAffair
1146,Greco OP
1147,SeattIe
1148,bryan3838
1149,oogaboogaeatrock
1150,Everblade
1151,BEN10 FAN 81
1152,Xiao Hun zii
1153,vincent nasty
1154,iKoogar
1155,TC porsche
1156,Hexsise
1157,Pour toujours
1158,MaleficTruth
1159,DL forever
1160,smoothjazzlover
1161,ID ToT
1162,legands
1163,ruan pa pa
1164,Heavenly Goddess
1165,daddy tartaglia 
1166,Sonny2o9
1167,jinx gf
1168,Kyui
1169,Matts Cat
1170,Laserholic
1171,MaIthaeI
1172,ggemi
1173,IronTissue
1174,Swiftzzz
1175,100 Kenvi
1176,2004 Lexus GX470
1177,TSH Sariel
1178,God Sai
1179,jiu yuji
1180,Cinnamon Bread
1181,Airflash
1182,wohenshengqi
1183,Uncle Dennis
1184,Piqueos
1185,Iinks
1186,ImNotVeryLegit
1187,YoungFartBubbles
1188,Sorcerer Swkeeee
1189,Shuvi
1190,SandvichTF2
1191,Sophist Sage
1192,PieckPerformance
1193,Blacc Massu
1194,SheGottaFatYas
1195,Yukiona
1196,insanityxd
1197,Yogurt
1198,A Little Yue
1199,doyeoniee
1200,Tacosrock
1201,Megami Eyla
1202,Yeetor
1203,LNG Tarzan Fan
1204,lp money machine
1205,Vortex03
1206,douyutv the bug
1207,Urason
1208,act0r
1209,Nami in heat
1210,Marulllll
1211,zxcvcvzxczqwe
1212,Subaru Natsuki
1213,handytaco
1214,lonely
1215,Dhokla
1216,Woozer
1217,Options
1218,TTizzle830
1219,Girlfriend
1220,jhlam killer
1221,einree
1222,TrapperOTY
1223,Lefasa
1224,adc
1225,Spurge
1226,kookykrook
1227,Sunbeh
1228,Kolthro
1229,BigLlama10
1230,Your wedding
1231,billy worth
1232,Zoe pIs
1233,Happyal
1234,OO9527
1235,Thua CMNR
1236,Avano
1237,Pekin Woof
1238,JDLBeast
1239,qufl
1240,DoughnutDrew
1241,Graves Virgin
1242,Thriven
1243,TFBlade4
1244,L9 WX Jason Pham
1245,be small
1246,Psycho Wand
1247,Ql Tian Da Sheng
1248,Fan Kun
1249,InvertedComposer
1250,Skippy Shadow
1251,Inumerable
1252,twinkerbelle
1253,Jerrel
1254,TopMattersXD
1255,Flaynndappy
1256,mawlok2
1257,Mdtiowe
1258,Taegon
1259,aSilverDragon
1260,Doctor Doom
1261,SkyTOKKI
1262,Thresh
1263,Forever Winter
1264,KiteAzure
1265,need happiness
1266,Tomato Kun
1267,KkkkCcccPrty
1268,Wero Teresa
1269,MEMEME670
1270,Of The Lethani
1271,Sayhoon
1272,Carita
1273,STRONGSIDE HERO
1274,troll acc 4
1275,waste it on mekk
1276,Your Tea
1277,Twitter ThiefJG
1278,Hyacintho
1279,KEITHMCGRIEF
1280,Cool Crabbie
1281,Enthralled
1282,aHowtoPlayDota2
1283,Chovy Dopa Faker
1284,9x jg wintrade
1285,Vasticious
1286,HJM
1287,lIllIIIllIlIlI
1288,Aloneus
1289,CIean Kev 
1290,LittIe hat
1291,DeOnlyVirus
1292,9 inch cigar
1293,VioletRoses
1294,Budded
1295,splash2
1296,DieCryLaugh
1297,Nice Bunz
1298,EnSaneZ
1299,Skylinee
1300,Kiting Baguette
1301,Playdark
1302,Fluoride
1303,Selenik
1304,1st Keklel
1305,The Exceed
1306,wx NAxiaotui7
1307,Mohanno
1308,CuddleSnuffles
1309,Pingky
1310,DeadlyTwitches
1311,Sea Dragon
1312,hao yun lai
1313,Le Kachu
1314,Zero Dark 30 23
1315,rkolde
1316,4inch is average
1317,Yoshiey
1318,Windoges
1319,Soonchang
1320,ANTHONY EVELYNN
1321,VBO Gates
1322,PastIsJustAGhost
1323,Lost Kin
1324,ryanrg
1325,Butter1
1326,Le Feiz
1327,gghfjdsbnnf
1328,Le Meep Meep
1329,Pas de Chance
1330,Busio3
1331,fairy girl
1332,EDG NBBBBB
1333,YellowNightmare
1334,YourAverageGril
1335,wangruiqi666
1336,ArcticBird
1337,QAZx
1338,Z1lla
1339,Innominat
1340,RoyaI Air
1341,Haruka Inokuma
1342,Kuhz
1343,IonQ
1344,Jintosu
1345,Cat1v9
1346,Ordinary Days
1347,Eisuke
1348,Aeger
1349,25z
1350,Koskinen
1351,Hakuho
1352,mbti INFP
1353,DARK WlNGS
1354,Minishcap1
1355,Jinsoul
1356,Sokiu
1357,HaaaZe
1358,Ba Bi Q le 
1359,Ikuaya
1360,Mimic v9
1361,ColdCottageKoala
1362,T0MMY SHELBY
1363,Wekin Poof
1364,Blitz
1365,Szochs
1366,Lebanese
1367,itwasthisoragf
1368,Corpse Draven
1369,xusty
1370,ULTRAMARATHON
1371,Albozz
1372,DimDot
1373,arcane hamz
1374,Lemonade28
1375,gerkahn1
1376,ooozz
1377,No Safe Word
1378,General Blessing
1379,Rising Above
1380,remmacs
1381,MrJimmyOG SnipeU
1382,KBDDDSSB
1383,hoidro
1384,EDG Jan Sali
1385,SSSean
1386,Iin an
1387,BlatantWintrader
1388,Gay Conservative
1389,Reach5
1390,C9 Emilia
1391,Forty
1392,Lulu WRLD
1393,HAYES
1394,Healys
1395,bye im gosu
1396,Get N Or Get Out
1397,Darcy
1398,Buddha
1399,AwakenedGenius
1400,Para Ti
1401,OveRate
1402,Exiled Lance
1403,Hypnagogic
1404,Tactical
1405,Joshua Bell
1406,gachapon
1407,LFT RCON
1408,Jokou
1409,TheEliteOkami
1410,Minatozaki
1411,O My Money
1412,gyu123987
1413,Fishcakess
1414,852 charm
1415,Keel7
1416,Spicy Cabbage
1417,zzlz2
1418,Fromherotozero
1419,Jim Cantore
1420,nemzje
1421,its time to lose
1422,GALA1
1423,Angelica
1424,Boon
1425,Surround
1426,Dinosaurus
1427,Kurulean
1428,JJ4
1429,meghanmarklefan1
1430,bakeryboy
1431,Shimmer
1432,Random Player
1433,Jerryberry
1434,CIyde
1435,bigfatjuicer
1436,Betty Cheeks
1437,Frei4
1438,Draven696969
1439,Queen Alma
1440,RyuShoryu
1441,ShadowAlkx
1442,Jay Kim
1443,Itsover man
1444,Kouumoto
1445,GodBranQc27
1446,bobqinXD
1447,QWQ QAQ
1448,gorilla emojis
1449,TL Armao
1450,Critas
1451,Pseudo
1452,Kryzlx
1453,StrangIe
1454,DrewDozer
1455,boLa iwnI
1456,Kyorez
1457,ShabaMoon
1458,Hello google
1459,Hesrew
1460,i stomp on men
1461,Ai Love You
1462,SkyTec
1463,CupGin
1464,asianknight
1465,Inoriboob
1466,Master for Mo
1467,Professor Nugg
1468,melke
1469,Cpt Minionnator
1470,EDM Phantom
1471,Nulnul
1472,HandsomeK1ng
1473,God of Supports
1474,wickJKR
1475,monk3yy
1476,Mouten
1477,Hot Ruffles2
1478,MrBrobo
1479,Cupic
1480,GWB420XR
1481,Ke Ie
1482,Mcgill College
1483,HabibiCaptFair
1484,opqwid
1485,Livatious
1486,dbz B3 and BT3
1487,Zihong
1488,Jloon
1489,Tringe
1490,Mojo Jojo
1491,starfire
1492,if I die young
1493,SentientAI
1494,JaySea
1495,Love Is Lies
1496,Im Big Lou
1497,Poopey
1498,liveevil
1499,Reavered
1500,Tencent is gay
1501,RipperJ98
1502,Kycaxisha
1503,xBlotter
1504,Feather Daddy
1505,soojin puppy
1506,Tiedemonster
1507,PG Ace
1508,IWILLMAKEIT2
1509,BIossoms
1510,StefStef Supreme
1511,Hung AYAYA
1512,Art
1513,da xi gua
1514,VI IX XII III
1515,Slamx
1516,purpleninja0
1517,Allorim
1518,UmassZhuimeng
1519,134666
1520,RavencIaw
1521,ViciousDolphin
1522,Shiphtur
1523,Amateur Player
1524,Yang Myung
1525,TWITCH GOD SCOUT
1526,DeadIy
1527,Defstruction
1528,eqflashaeqr 
1529,L9 TIMMY
1530,The ICEFlowa
1531,Bu Sheng Qi
1532,Busio JNG
1533,Darvec
1534,Ekisde
1535,Oppa I want Boba
1536,Iced Venti
1537,CRY NOW
1538,K3v1nRul3s
1539,TEAM FROM WISH
1540,Mundologist
1541,Deku from VN
1542,cooplew14
1543,Ahri Inari
1544,Chaeha
1545,ISM MatKebab
1546,jjkinggg
1547,Juheon
1548,KennyMasterLin
1549,Akamige
1550,TheePope
1551,Ultrafilter
1552,mumu cat
1553,WarlordRammus70
1554,ExecuteCNPlayers
1555,Tomoebi
1556,Out Vayned U
1557,I am not trying
1558,Kaho
1559,Cyrus D
1560,JattO
1561,Dolphine
1562,yes molaa
1563,accountt
1564,Ph0enix56
1565,Ballion
1566,s LessThanThree
1567,Arys
1568,Jayms
1569,Markvoops
1570,DarbBarf
1571,Lidds
1572,moon daddy
1573,Kyuuri One Thicc
1574,SexFiendZiggs
1575,NoOneHadThisName
1576,Dopamine Tracker
1577,antgameplayer
1578,ceyyr
1579,BallisticPengu
1580,first memory
1581,PIant based
1582,CubbyBubbyBear
1583,Ianse
1584,Dark Wingdom
1585,ScaryJerry
1586,Mental Gapped
1587,IGetTheSauce
1588,Baby Kun
1589,EoE Yoshi
1590,Wynncraftian
1591,Suiclide
1592,sana2
1593,STU Dolphin
1594,Neq
1595,YeYezhou
1596,SangMo
1597,Khway
1598,rjsdndgod
1599,Wine Cooler Mom
1600,Special Kay
1601,Laurentiu
1602,Red Eclipse
1603,Veiga
1604,Phushimi
1605,CommandoreK
1606,payaam
1607,hanason1
1608,fr33sty13
1609,raze7
1610,Claw
1611,CoIby
1612,Yi Du Zi Qi
1613,Safbb1
1614,graggy patty
1615,Salvage
1616,blood barrage
1617,Aldnoah
1618,38th Parallel
1619,small pp asian
1620,RT 234502
1621,lil tjay sb
1622,Loyal
1623,boyfromcocytus
1624,Skreptzor
1625,Boji ddonggo cex
1626,Kuderic
1627,Armored Mawdad
1628,Hydranova
1629,WorldConquer
1630,Y L
1631,Matty Wade
1632,700kg grandma
1633,Twitch BTangLoL
1634,Wonhae
1635,deathwalker222
1636,zhubikiller
1637,RoughBeanz
1638,CndyFlpnScintst
1639,Strompest
1640,Levitate
1641,duong pro
1642,Gweiss
1643,xiaolaobanfans
1644,Katfish
1645,LFT Zelt
1646,Kozen
1647,Waifu
1648,Earache
1649,One Hit Your Zed
1650,ahn jimin
1651,Js65ica
1652,SumSmerf
1653,Previous
1654,Kurose
1655,Awaker Allan
1656,Myx
1657,Litemeup
1658,omerofan98
1659,Eternix
1660,koog
1661,BE EQon
1662,GR8 Demone
1663,Clowning Around
1664,ShadowYosejus
1665,Outclass
1666,Solee
1667,UR GF MY DIOR
1668,MrWindowSeat
1669,JOEMAMAMAD
1670,EvergardenViolet
1671,Gobleeto
1672,Deng It 
1673,Yuumi Lover69UwU
1674,xiaoheQ
1675,Texas
1676,Beauty
1677,Saint SpoonKing
1678,Chicken LittIe
1679,Fizzlezz
1680,Aiax
1681,Wertuy
1682,INSSA HUNTER
1683,fuji mountt
1684,lce Truck
1685,ozkai47461
1686,nifty jg
1687,insanity
1688,J0nii
1689,Narthen
1690,Slyther6
1691,Alibye
1692,Snowball Barrage
1693,Guess da number
1694,Valantis
1695,PancakeSlap
1696,TTV SaskioLoL
1697,NACZZ
1698,tahe bear
1699,moping
1700,Leemo
1701,peewee1
1702,IIllIIlIlIIIlIlI
1703,Notzu
1704,Maykel
1705,Yeon ha
1706,CloudNguyen
1707,see you s11
1708,I Am Chanman
1709,Qube
1710,jojopyun 16
1711,ZulaWarrior
1712,Dangerously
1713,swifty12
1714,Cheekzr
1715,Trieuloo
1716,Walmart Pajamas
1717,FaceCheckOnBush
1718,Int Overflow
1719,Alien Hominid
1720,JBL Speakers
1721,Soju Rain
1722,BetaTwinz
1723,Mercenary X
1724,Disconnector
1725,Yasaw
1726,Falling
1727,Flea Pain
1728,Resh
1729,Likable
1730,Ynuaj
1731,lamp lamp lamp
1732,Heiclo
1733,gxnyu
1734,Derpinick
1735,NODREAM
1736,merrjerry
1737,Swaggy
1738,Trickyyy
1739,SIKDot
1740,Huggsy
1741,illest rice boy
1742,Veleno
1743,QNTA
1744,ChevreAveugle
1745,RiceLegend
1746,TyChee
1747,YNO BLITZ
1748,ytsaid
1749,Xonas
1750,EleJiggle
1751,Cpryus
1752,The Tank Man
1753,cnug15
1754,IllIllIlIIIIlIII
1755,Call Lin
1756,Tp Lord
1757,Sweaty Intern
1758,Yeet Yonderson
1759,DirtyMobs
1760,Shadow Master 
1761,ZED04
1762,Mei You Qing Xu
1763,Anomander rakeD
1764,1nori
1765,liao lingxin 1
1766,Misused
1767,Biscuit Crusader
1768,Scrive
1769,Daimiko
1770,fiufiu
1771,Aicaid
1772,Fear
1773,Espion
1774,yung rtz
1775,Hicallmespoon
1776,GachaBass
1777,davidisape
1778,Hot Ruffles
1779,Shun Chun
1780,Bhad Bhabie12
1781,ZileanaireTTV
1782,OH MY DOG 69
1783,    Tong Tong ya
1784,Jeanne dArc
1785,TailsJJ
1786,Everglowing
1787,Weakside Win Con
1788,Gobta1
1789,DorkLS
1790,Thundersad McGee
1791,TLC Lightrocket
1792,Dippie
1793,Nazorio
1794,sauce DX
1795,smallasianboy69
1796,Koreanism
1797,Prank
1798,Shapeshift
1799,July 8 
1800,Impaled
1801,Misha Eats Ass
1802,Lil Nate
1803,mute all be safe
1804,White Snow
1805,Icelandic Zyzz
1806,Spam and Bryce
1807,emoyo
1808,Yetzu V2
1809,thickhunnieshmu
1810,BunFuu
1811,COSBYHASHEPSTEIN
1812,EDG Minui
1813,Scyrnn
1814,Love for Ruii
1815,TomDiana
1816,Fole
1817,charity
1818,yogurt fan
1819,Izuruu
1820,Yutwo
1821,Cody Done
1822,Beesandra
1823,SlyLego
1824,SIGMA TOP
1825,NYC CPDD
1826,FA Bjergsen
1827,Shweeb
1828,hv nara
1829,ThatOneGamer
1830,Caspian 9 
1831,o2h
1832,THROW       LORD
1833,DPM
1834,chao ji di shou
1835,DeftGirl Xizi
1836,im Ahj
1837,Protos
1838,BoilTheOil
1839,Jolly the Wise
1840,Vayne has Faith
1841,Phil Mechanics
1842,03 10 06 04
1843,Midnight Wander
1844,UZI still alive
1845,Michael Johndan
1846,godsent mid
1847,fClXmCeleste
1848,x9 Me After Game
1849,love2
1850,Bhola
1851,Convere
1852,Arcanghul
1853,Hemah
1854,Cheetah Hound
1855,DDOSS
1856,Yunah
1857,Jriggs
1858,Spirax
1859,Do U Remember
1860,sink juice
1861,kisno
1862,Henray
1863,HAO88
1864,Li NaiNai  Sorry
1865,RedEvoX
1866,miyabun
1867,iGankedYouMom
1868,Wolzie
1869,BirdofSand
1870,I Love Chara
1871,PATH TOP AND MID
1872,SHANSHAN33hubby
1873,Paige
1874,Mathias with Jun
1875,admirable potato
1876,Clipperzz
1877,Can1ne
1878,QSEN
1879,Eti the Unbroken
1880,reformedrinnegan
1881,WoodofEphraim
1882,JustinDozer
1883,smile a lot 
1884,Distoma
1885,Matty
1886,Jimpai
1887,OU Blonde
1888,SYG Fei Fei Zi
1889,Insaneblast
1890,Doublelift
1891,Luv Dark
1892,ButterUnit
1893,NikoIas
1894,Junha
1895,Horo with Spice
1896,Timeless
1897,TSM Spica
1898,Blink1001
1899,TSM Eclipse
1900,Nikkone
1901,Ramy Horvath
1902,Washed up John
1903,hdhs
1904,vickixiaobaobe1
1905,roguebunny0
1906,Ralyk
1907,the crangler
1908,SwiFtSluG
1909,mon amour
1910,glizzysnacker
1911,Johnsun123
1912,Noton
1913,Kmage
1914,XFSN Sakura
1915,Raymung
1916,piwil
1917,KryRa 16
1918,pucciness
1919,TheBootyMasher
1920,Vambient
1921,LANDALWAYS
1922,Tempos
1923,Pockus
1924,heartblade
1925,Oops  A D  Gap
1926,Riot GalaxySmash
1927,MASSGAINER44
1928,duoking1
1929,fairy gay
1930,Dizzydish
1931,midee
1932,SiYeBuDaiTao
1933,ShorterACE
1934,Pupu owo
1935,im new btw haha
1936,Speedo
1937,Jabbadahutsnuts
1938,Candice
1939,Alakay v2
1940,From Iron
1941,UF Trollzelda
1942,Payasito Risitas
1943,Its Okk
1944,Lucky
1945,Kittisaur
1946,Dio giovanna
1947,Taco
1948,Ronit
1949,Semper
1950,kennyHYPERBRUH
1951,Saamy
1952,YeetYuh
1953,Alamander
1954,Aidan 2
1955,Your Acoustic
1956,Pi Pi Su
1957,Kophi
1958,Olux
1959,Your Ruru
1960,GunslingerLol
1961,Keeetchie
1962,BengDi Bu BengDi
1963,Alex Blais
1964,Jawshy
1965,onlyzz
1966,Claisa
1967,LYA2021ADC
1968,Kiwi
1969,Sighkey
1970,yukino cat
1971,Lateeasywin
1972,yuri chan
1973,Lord JG
1974,DIG Spawn
1975,ALHM 39
1976,checca
1977,MoonJuices
1978,Suddy
1979,Cyanosis
1980,KOREA CURRY
1981,EvanRL
1982,Swkeeee
1983,Exclusive Thot
1984,Joelini
1985,RD Dangle
1986,Cheeteh
1987,LeenK LCS
1988,Shi Bard Inu
1989,Windbreaker Wine
1990,HappyBotLaneGuy
1991,Indig0
1992,ICUKAT
1993,Boyru
1994,Aryuz
1995,Litchi111
1996,1 800 Jungle
1997,LL TRIGGER
1998,OmBII
1999,Oland
2000,Plizak
2001,Yoshi
2002,Curtis Jackson
2003,oyuna
2004,Joseph Mulherin
2005,Better Top
2006,Regent11
2007,new begin1ng
2008,jamican banana
2009,Gerbil of Rivia
2010,haha lol bad
2011,Fishing for Urf
2012,Classiq
2013,Klln
2014,Sorasliver
2015,Young Tiller
2016,ActualDeadChamp
2017,JLand
2018,Binkx123
2019,Dual
2020,Secret PIayer
2021,LAE xSWRD
2022,Gyshy
2023,Ayukura
2024,TheSwingingSalt
2025,heidy
2026,Melynlas
2027,EDG JieJie Fan 
2028,Janivia
2029,NO FLOCKIN
2030,Lunacia
2031,petitpois facher
2032,thats fervor
2033,kaptur
2034,DALT TOP
2035,PickleTuna
2036,07 13 2003
2037,LOWKEYPARKOUR
2038,By My Will
2039,rank1mandingo
2040,Suntail
2041,D SHAO
2042,Urcade
2043,01186
2044,Satucre
2045,DORARARARARARARA
2046,lerd ZERO
2047,Rowpit
2048,TwitchTv Jugttv
2049,Plux LFT 
2050,Andoqs
2051,Joon Hyoung
2052,I Have PTSD
2053,Ronnie Dean
2054,Mentally Jolly
2055,Ivan Pavlov
2056,KiNG Nidhogg
2057,Tes Chovy
2058,bard kitten
2059,Jarabee
2060,Trixter9
2061,coldcoldcoldcold
2062,timal
2063,100 Young
2064,Dango Baby
2065,Voli Icon
2066,Compskey
2067,AgAthaa
2068,Haise
2069,gayligaygay
2070,PRACT1CE
2071,Just1
2072,Dos veces De
2073,Asqjfexj
2074,WINDMILLMAN22222
2075,Good Boi
2076,wixaa
2077,Misterdot
2078,Jedin
2079,shishinik
2080,Faelan
2081,dustaya
2082,Alphatn
2083,Park
2084,sponsorless
2085,Went
2086,ROCK CANNIBAL
2087,ZSultanZ
2088,Loopk
2089,Gumayusi wannaB
2090,Deformed Jungle
2091,Bonnuit
2092,ALKSJHDLKCH
2093,Amar Int
2094,BussyEnjoyerr808
2095,MEECHOL
2096,Trollingtime
2097,THOTDESTROYA9000
2098,Wx m12673490
2099,Teesum
2100,dunksquad102
2101,ae29
2102,zhe bu he li
2103,Ms Vanjie
2104,Free WiFi
2105,Ren Amamiya
2106,Hero Himmel
2107,Midwest Diamond
2108,Lazzaro
2109,Metroblade
2110,cL Jayee
2111,Saojan
2112,concept x
2113,At the end of Tt
2114,Stepsis Caitlyn
2115,SCHIZOID HYDRA
2116,Danyui
2117,Empress Bee
2118,Oricorio
2119,Kennywalol1
2120,lu28826167
2121,metalhydra273
2122,ProLikeNub
2123,WheeIs
2124,Trundle Top
2125,KKYY
2126,1ris
2127,Dinner
2128,PepsiCola
2129,Enrique2pe
2130,Kai Lunari
2131,Zeptose
2132,Spokna
2133,ElijahDD
2134,Pr0Dark
2135,Meister Chief
2136,AlphaMaleMelvin
2137,Yi Kuai Shao Rou
2138,MAMMOTHMAN65
2139,BE Hunter
2140,1982657489
2141,Xakutara
2142,Kriffi
2143,xReaperXMichaelx
2144,FluffyDoom1
2145,Lhulmari
2146,SloppyThirds
2147,izuyui
2148,AutoSwolekus
2149,Vortekxy
2150,Nimdle
2151,CateCoin TO MOON
2152,Zakn7
2153,Hayai SingedSama
2154,chu love
2155,Amate
2156,Xehru
2157,chuzday
2158,Barry Buggles
2159,Daizzi
2160,Hide on 7SHAI
2161,KingAone
2162,Contrail
2163,Kill1ingGod
2164,yfinmO
2165,LDCs
2166,5j341klk4j23gdfg
2167,Fiction
2168,ShadowyFigure
2169,Raion23412
2170,Roffamau2
2171,DU 4 LQVE
2172,Tippey
2173,destiny9
2174,rain take you
2175,ScaleneCircle
2176,Cant but I will
2177,FirstTimeCaitlyn
2178,Mr Zlatan
2179,For Lalisa
2180,ChannyBoyy
2181,LazarusJungle
2182,Fullscreened
2183,ThePieCrusader
2184,Ryu Min seok
2185,mohawk
2186,Asherannea
2187,excz
2188,Kenvi
2189,Muffined
2190,mid ruin
2191,Korean Gukbbong
2192,Kindergarten
2193,IcathianVoidd
2194,XYG  Xu Jian
2195,MeNoHaxor
2196,Stach
2197,Squidsauce
2198,Pupupu2
2199,Bmfx
2200,Truth Dragon
2201,celena
2202,BHSc
2203,ToastyAlex
2204,last dance5
2205,rainjacket fish
2206,Kacha
2207,MerryHel
2208,TrexKz
2209,Dreamday
2210,Hasie
2211,hi im ming2
2212,tenacityyy
2213,GSDFQWASD
2214,SC itssyaboinate
2215,Jido
2216,QuinnAD
2217,TrevorKTran
2218,Pobelter
2219,Swagnar
2220,US 101
2221,His Final Shot
2222,Niikaido
2223,Riot Koyuncu
2224,sprinklrr
2225,DoYouLikeHotPot
2226,XxUntitledxX
2227,UnDankDragon
2228,Pyoneer
2229,qunianhuakai
2230,Dougie
2231,2Maxim
2232,DemonicBug
2233,neukda3
2234,Lark
2235,CR Sheherher
2236,Dear Vista
2237,Daption
2238,raheen1
2239,Not Sengo
2240,YourLastLaugh
2241,Yaoyue
2242,Ketie Pie
2243,Noyoustink
2244,Branagh
2245,Felauri
2246,MozIy
2247,Snowy Steps
2248,SoftReps
2249,ApeXsnipe
2250,LolGunSlinger
2251,7ach
2252,2sky
2253,iite cool
2254,Qitong
2255,Geriatric Canyon
2256,IceOnFires
2257,WrongHoleOniChan
2258,Le Dawn
2259,Dear Miss L
2260,Li Bai
2261,SlayerPlayer
2262,DaffyDuckk
2263,Wxx REB20201
2264,Tachibana Marika
2265,Topo
2266,IS THAT FEEDABOI
2267,Oronuke
2268,its your funeral
2269,Satoshi
2270,happyheart
2271,KingGeorgie
2272,Oldmanguy
2273,pos2
2274,end credits
2275,Shaunder
2276,Zethal
2277,Unity
2278,love morning 
2279,Sosig
2280,SweatyToast
2281,Gmandlife
2282,Dark Energy
2283,May it be
2284,IllIIIIlIIIlIIII
2285,184 166 217
2286,Dizley
2287,Ledah
2288,eL eL TRIGGER
2289,MasterMonkeyNA
2290,NA IS A ZOO
2291,animegirl2007
2292,Hub5
2293,Rositajonez
2294,Fallouch
2295,Just Trust Gala8
2296,sexer
2297,Piriya
2298,Moon97
2299,Akeha
2300,Rayburn
2301,Rocky9
2302,Antoine1234567
2303,Daisoujou
2304,Outplay
2305,Just so so
2306,Threesicksty
2307,4rch
2308,buhudong
2309,NaCl Tim
2310,chias
2311,slogan1
2312,kevintianXD
2313,Messages
2314,Piki
2315,Jared Klein
2316,Logia
2317,Backuping
2318,tomeito
2319,Kyuki
2320,a redemption arc
2321,Thats Not Fervor
2322,GankedBy Bush
2323,Scarlet Symphony
2324,BE Bodast
2325,Dvein In
2326,stinkyfinger721
2327,SavorWolf
2328,USC Inferno 
2329,Wanted Trixx
2330,JJBA
2331,cvxhi
2332,ElitexLatino
2333,Danman96
2334,RexRequired
2335,NatsuDragneel14
2336,Arc en ciel
2337,Monarch1
2338,I onIy Top
2339,Harambe
2340,Diomarr
2341,Nightstar
2342,chomaker
2343,jie jie yong li
2344,belowzero
2345,I Main Top Lane
2346,bknormbk
2347,Gpdz
2348,Citric
2349,Dotix
2350,Xing ge ru ci
2351,4 Inches
2352,A bag of Salt
2353,Queen IU
2354,Seolyn
2355,Zoro 11
2356,MoreSleep
2357,SandPaperX
2358,folkIore 
2359,el D3rp
2360,Pengu Emperor
2361,keurig cup
2362,MoeTube
2363,ZXONE
2364,Qing Shu 
2365,donbray1
2366,BigBoySR
2367,Devilman
2368,RHINOOOOOOOOOOOO
2369,PlzRefrain
2370,Im A Koala
2371,Delete All
2372,Meowing Cat
2373,Boxy
2374,AkiraSpeedRacer
2375,Light Kha
2376,Betrayal Stings
2377,NA buxiangwanle
2378,Klexo
2379,NinjaAqua
2380,Tora
2381,fightinfury
2382,Qs ZzZ001
2383,Sarcasm Orgasm
2384,Raveydemon
2385,Scuz Rat
2386,Nuyinto
2387,Nathan Ryan
2388,neeko sex king
2389,KnicNicks
2390,WintersElo
2391,qwer123456
2392,Vaubelle
2393,NYF5
2394,Brunsos
2395,shaneylove
2396,Bobbyy
2397,First Kyu
2398,CYD NGU
2399,Voy a Divertirme
2400,Boy Wonder
2401,Infextionz
2402,Shupian
2403,Lauel
2404,Twocutz
2405,Ablazeolive
2406,pprr
2407,Ryuga Quan
2408,xiang ni kai xin
2409,Tempos Time
2410,Juice WrId
2411,aknid
2412,Charles Huang
2413,Asexual
2414,I Must Toxic
2415,emiwy
2416,5FlowerMeat
2417,Dong ha
2418,Diablow3251
2419,Vark
2420,Concrete Pete
2421,Dylaran
2422,Cursed Rengar
2423,Djalal
2424,Kazahana
2425,King Koney
2426,Frog Maw
2427,sucko
2428,Best Turtle IND
2429,Eshyn
2430,BoilThe0il
2431,KORASIII
2432,Kealan
2433,Avinxx
2434,is this hell
2435,Exothy
2436,YourGFIsMySide
2437,Ribitey
2438,saku fan
2439,Blower
2440,SQKSQ Bottom
2441,Facts
2442,5tunt
2443,StrangerToLife
2444,KryRa2
2445,joey mills
2446,L Escape
2447,Muwa
2448,Lafran
2449,Snow2
2450,KryRa
2451,          srtty9
2452,Businessman47
2453,Solaria
2454,Bashful Iceberg
2455,Blackcar223
2456,coppersan
2457,Mfe1
2458,Bejjj
2459,Irk Luigi
2460,Schwi
2461,Sheiden2
2462,GO0B
2463,pissss
2464,ERICSMOM12KAYEAR
2465,DevilUnikorn
2466,A1C Masterby
2467,PowerSmite
2468,KroAaToa
2469,Crimson Shuriken
2470,Haru De Wanai
2471,moosehater
2472,Murillo Sama
2473,Gandhi G
2474,BOBtimers Kitten
2475,CC Shogo
2476,Mood9
2477,goge
2478,Le chuL
2479,BabyQ
2480,I Reincarnated
2481,parrks
2482,Tomgoku
2483,Scafe
2484,HULKSMASH1337
2485,omero combo 4
2486,Ainyy
2487,DarkX
2488,Acereal
2489,KatEvolved
2490,Le Sontofukimchi
2491,Bluster2
2492,Lusol
2493,Love lnn
2494,MySwordCrimson
2495,Desmiano
2496,Moonbb
2497,rayma
2498,EDG Dior
2499,xWind
2500,MindfulChimp
2501,Tentakai
2502,Nyzsum
2503,Xx ZEDGOD69 xX
2504,Rathma
2505,iiMrBoomzii
2506,gao shou
2507,Emanpop
2508,Star Eliminator
2509,233OwO
2510,sico
2511,Iron 9 Trashcan
2512,ILT Hama
2513,FZ3R0
2514,POTATOOOOOOOOO
2515,JonBiven
2516,UF yuwu
2517,im risk
2518,JUNGLE MAIN 2017
2519,SirZepre
2520,kalbean
2521,Nelo
2522,yeet yah
2523,Outstep
2524,UrsaBear
2525,woodwoodwood
2526,Hessi
2527,SoloXie
2528,1ove Are
2529,Grace note
2530,Geiger
2531,RaidBossRammus
2532,Construct 00
2533,021006
2534,vndy
2535,Zeyzal69
2536,beatvevery
2537,long time no she
2538,La Chocolatine
2539,THE Jons
2540,200IQPLAYS
2541,rovex7
2542,ptalp
2543,T21 Kedeck
2544,liantiguaiwu
2545,Beryoon
2546, N L
2547,Prankuru
2548,JamaicanMeAngry
2549,Karasmai v9 
2550,dunksquad101
2551,lai gen hua z1
2552,Peter Zezima
2553,Sona
2554,mr donbray
2555,Lord Kuzko 
2556,Chanban
2557,Detention
2558,Vesum
2559,Profession
2560,EmTeed
2561,Silver3 High Elo
2562,bruhmomenttttttt
2563,Yummibb8888
2564,RoyalAone
2565,Kitzuo
2566,IIIIlIIIIIlIIII
2567,Competition9
2568,TwTv BTangLoL
2569,Sheiden1
2570,Psychopathic Top
2571,KKY
2572,Feitan
2573,Jouzef
2574,IWU Sharks
2575,Aipotu
2576,Avers
2577,Melancholy
2578,iPichu
2579,Midorima
2580,POLLINAT3TH3R1FT
2581,Ethiridis
2582,Going Home
2583,TheJonasBrothers
2584,Seranok
2585,Sheiden9
2586,IREMIXI
2587,linputmeinjail
2588,Mobility
2589,stn
2590,AGGRAVATEDFLEXIN
2591,down bad nate
2592,BeBePro
2593,Saknom
2594,wff010
2595,Mr Sedulous
2596,15171737437
2597,zzoe
2598,Will Yuubee Mine
2599,elo dad
2600,Accrue
2601,El CalcetinSucio
2602,Crackadon
2603,Kat has Evolved
2604,Nanjingwaiguoyu
2605,xiaofeiya
2606,F33dMeKills
2607,Ocalyst
2608,York University1
2609,Grope
2610,Burento
2611,karasuno setter
2612,Laynx
2613,The Crazy Goose
2614,Heize
2615,CaptBear
2616,THE CLlMB BACK
2617,TheJakourt
2618,Pholix X
2619,Low Altitude
2620,Pocket Rhinooooo
2621,UNCORRECT GG
2622,CR Rose
2623,beephak
2624,PILLPOPPER69GOD
2625,Bejjaniii
2626,A Yellow Bee
2627,ArKaDaTa
2628,I am BIG BRAIN
2629,beo no fear
2630,lose
2631,Under Lemon Tree
2632,Ochre99
2633,Kirazono
2634,Dua Lissa NYC
2635,b sMooTh x 
2636,Denathor
2637,Impmon
2638,personnel office
2639,EBIC GAMER
2640,Muslim Salesman
