,0
0,BJNA
1,BHSc
2,QAZx
3,Can Win N0 Need
4,lT0Tl
5,NA chopsticks
6,Hyacintho
7,Cawwo
8,LFT RCON
9,catnip1
10,Cyrus D
11,UF Trollzelda
12,Euphorian
13,Princess Mico
14,Jachsparrow
15,Hero of mischief
16,i will crush you
17,HAYES
18,GraceWangFinal18
19,BratEvolved
20,usu
21,SSAK
22,Adan
23,SC itssyaboinate
24,MeIody
25,LGM Snow
26,INSSA HUNTER
27,Young Tiller
28,nifty jg
29,FaceCheckOnBush
30,LPL x LCK Aggro
31,Z Z T A 
32,Youli
33,buhudong
34,thats fervor
35,PLEASEHELPADC
36,Augustine
37,ciri of cintra
38,Exiled Heretic
39,POTATOOOOOOOOO
40,Gweiss
41,Kyusung
42,TrevorKTran
43,Xiao Hun zii
44,Nanjingwaiguoyu
45,Weaker
46,MEMEME670
47,Fanthom
48,SuperKoolGus
49,eliron
50,SKT T1 Kaisaa
51,o2h
52,Nice Bunz
53,WQ only
54,Bio1
55,Swiftzzz
56,smallplaypi
57,Steam Sale
58,Elekktro
59,qwer123456
60,Two Beginnings
61,Xiao Suan Nai
62,Yellow dog
63,Venaz
64,Sam123
65,01186
66,Spladaddy
67,Dahyun x Twice
68,AllGirlsRTheSame
69,jbraggs
70,Runepage
71,Breezyyy
72,Hypnotic Viper
73,TRUNDLE REBORN
74,Midwest Diamond
75,Aymmy
76,072
77,1982657489
78,KIDCUDI666
79,T21 Kedeck
80,90CalBottomplug
81,Jerrel
82,Mamitas Puebla
83,Hi Im Famous
84,hyunta
85,Enthralled
86,Hung AYAYA
87,KingArtLeywin
88,ayuh1
89,Scenari0
90,shuoleza1jian
91,cematary
92,Alex Blais
93,Ineza
94,bu yao
95,small pp asian
96,OrangeManV2
97,Rocky9
98,ashmine
99,dear u
100,Unfamed JG
101,JulianC
102,Eshyn
103,UF trdblaster
104,Vesum
105,ttv 7Wylly7
106,OmBII
107,Daisoujou
108,AbrahamEst
109,Your Tea
110,Myx
111,Bubble Gum LCL
112,Immortal Kolg
113,Slamx
114,Lacrniez
115,JonnyRockets
116,BussyEnjoyerr808
117,BaconSeeker
118,colingogo
119,pprr
120,Kayn98
121,OGC PikaPika
122,picapica
123,Gaming Tanker
124,Alien Hominid
125,Doopliss1
126,saving na
127,AlphaFredo
128,KingOfAbeyance
129,Twitch BTangLoL
130,Oner v2
131,TTV LIVIDCA
132,chickeneater02
133,Valice
134,HydroZenith
135,sweety
136,Vortex03
137,HopeTilEnd
138,CroatianD
139,17shou
140,Misterdot
141,hey im kevin
142,Camp this Bush
143,Dereams
144,My Ruru
145,hi its kay
146,Issys Cutie
147,Xytherior
148,Alesi
149,Gusenberg
150,Zach Riven
151,Hecti12
152,SteelCityWarrior
153,Alnair
154,CHlME
155,HaoyunXiongxiong
156,Witnesss Me
157,need happiness
158,Haru Urara
159,Eclipse
160,33uler
161,Winaliel
162,Vortexual
163,Milky Way
164,Going Home
165,Akeha
166,Nebulus
167,markboots
168,Asherannea
169,Worlds
170,IvernedThisRank
171,zhubikiller
172,YellowNightmare
173,Zademort
174,Tempos Time
175,Devasis
176,emoyo
177,Chuty
178,jazzypie
179,AKA KW
180,DEMON FACT
181,stray kid
182,Geiko
183,Chookie
184,LolliGoesPop
185,cogii
186,Ronnie Dean
187,PUSHEEN DA LIMIT
188,Loyal
189,PickleTuna
190,A Horny Rhino
191,Yororong
192,Eunsoul
193,Garrett
194,C9 Klutch
195,Demon Back
196,Cameel
197,TimSevenhuysen
198,OuOOuO
199,25z
200,Haha Lol
201,Amzer
202,Rio Kastle
203,hyperaggression
204,Piki
205,VT Cocoa
206,Mataz
207,Itsover man
208,cute as heck
209,MudBone69
210,hygge 1
211,Hakone
212,Silver3 High Elo
213,heck it mask off
214,bae girl
215,Inoriboob V1
216,Shaco Himself
217,saltmarwasmid
218,White Snow
219,VN Danny
220,Le chuL
221,WalIDashin
222,Lawton
223,Zylfer
224,MengMengBaBe
225,XiaoDanny
226,sasuke 2015
227,Gobta1
228,Wai Bi 8a Bo
229,Not Sengo
230,Ultrafilter
231,pings onIy
232,L9 6ix9ine69
233,Quidac
234,aniosaurus
235,AlphaMaleMelvin
236,br34th3
237,Requital x
238,NY Peng Yu Yan
239,Zech
240,y7b
241,rzd
242,pos2
243,perfunctory ToT
244,fClXmCeleste
245,typty
246,Matthew 19 24
247,DoYouLikeMilktea
248,MrEmerica
249,deathwalker222
250,TreeKangar00
251,AIlured By Day
252,oxhornqt
253,God of Supports
254,Espion
255,Zero Dark 30 23
256,Jido
257,Prestooob
258,Pupupu2
259,CantCarry
260,Lazzaro
261,MlKASA ACKERMANN
262,Love Elent
263,MoreMore
264,CaosFury
265,OztzyQ
266,urya
267,JustChilln
268,wanfeng
269,Dalseong
270,Kitzuo
271,March 14
272,Ke Ai XIao Mi
273,Zeptose
274,Lloth
275,sIaughter
276,Ponus
277,Xinthus
278,Auggy2627
279,Zha
280,Fake smiIes
281,B0BBY
282,Steefo
283,hotaze
284,CndyFlpnScintst
285,Dedasesne
286,onedyl
287,Millennium Baby
288,ChannyBoyy
289,DTC Jiansheng
290,OvOwOXD
291,future dreams
292,hotnas
293,Karasmai v9 
294,Dance King Nunu
295,Duke9
296,wu wei wu ju
297,ALKSJHDLKCH
298,C9 Emilia
299,Never Story
300,Piggy COCO
301,VTG Meme Machine
302,Jons Jons
303,unhand thy lp
304,Vagery
305,Boji ddonggo cex
306,Coca PH
307,hmhsl
308,Janivia
309,small monster
310,Oops  A D  Gap
311,Hamster123
312,Hi im RBQ
313,Firelight
314,FreeXpHere
315,WP Conrad
316,Yluo
317,ColdCottageKoala
318,lIlIllIIllII
319,ttv Doglightning
320,santa obv
321,BorgvVz
322,Klln
323,Accrue
324,NeVerCaRry
325,Murillo Sama
326,SentFromAboveE
327,Scafe
328,one dream away
329,JDLBeast
330,TsundereGun
331,NEED GOTH GF PLZ
332,doompa
333,Thomason
334,Yao Bu Sheng Qi
335,Butterfan3
336,kaixinyidian
337,V1papa
338,EDG Jan Sali
339,Ronit
340,U Say Ur Horse
341,ObviouslyStupid
342,BecauseImAPotato
343,poor reasoning
344,Ken Carson
345,Prosciutto
346,wzy
347,FamousOneDay
348,Rainn
349,SNOwH1Te
350,07 13 2003
351,XDME
352,Kyui
353,chenchenlol
354,Notzu
355,Xevris
356,Shockey
357,Sangydog
358,Dalun
359,Akamige
360,Dinosaurus
361,sprinklrr
362,YaaYeet
363,Gyshy
364,PerfectPerv0438
365,HopOffMyDonger
366,JattO
367,icelandl00000ve
368,Ha Yuri Zahard
369,poome1
370,hellstar remina
371,Rikudo
372,Ned
373,hong dou bing
374,Let me guide you
375,Boptimus
376,Chrixgg
377,Mimic v9
378,Cawv
379,PG Ace
380,PpineAapple
381,kbmistro675
382,Sketchdreams
383,KidNickarus
384,Get N Or Get Out
385,Dougie
386,A Joke To You
387,Mizt
388,ASCOOBYDOOSOBAD
389,sad goo
390,Swooshe
391,BlaoThorne RJ
392,For Lalisa
393,SKT T1 Oppa
394,Reigen
395,Jenny Mud Five
396,twitchtvELOSANTA
397,pradyuman
398,OGMemeLordV1
399,Excluwusive
400,The Master Yeezy
401,Meslo
402,Insane Lopez
403,No Safe Word
404,TTizzle830
405,Yami no Mi
406,USC Inferno 
407,The Lando
408,Abused Mid
409,LEAGUE OF ANDREW
410,itspumpkinbaby
411,Tom CPU
412,iarukas
413,hardstuck69
414,dog VallFire
415,Doing His Best
416,Meister Chief
417,Zoe pIs
418,Pooky Wan Kenobi
419,Citric
420,Crunchyfied
421,BladeCube
422,DontRageItsOk
423,MalevolentTitan
424,barnacleboy fan
425,gyu123987
426,Fiku
427,R0UFEN
428,Abusing Glacial
429,Amamikyu
430,Yurababy
431,chokey wakey
432,Betty Cheeks
433,Morl
434,love you weed
435,smoothjazzlover
436,Taste of You
437,Scrive
438,Phantom Hashira
439,FINDlNG TEEMO
440,Wonhae
441,Blokta
442,Saint SpoonKing
443,shinaru fan
444,ID Mana
445,Km1er
446,GuGubird
447,rinnegan mid
448,readysetgo1
449,Stiifo
450,SilverRitter
451,SOUPKITCHENCHEF
452,IlIlIlIlIIlIIlll
453,Sweetmiku
454,lIllllIIIl
455,DamnYouFine
456,Common Projects
457,Klexo
458,Fated Enigma
459,DumpieTruck
460,Li NaiNai  Sorry
461,3uphoria
462,B E N J I L
463,Doaenel
464,Shawner
465,a china boy
466,SoIitified
467,FirstTimeCaitlyn
468,Aipotu
469,Jared Klein
470,CaptBear
471,SUPKING
472,rainjacket fish
473,Lonely Aganzo
474,Your Ruined King
475,Astocaza Deza
476,Fromunda123
477,keurig cup
478,ShyniRuo
479,Va1ue
480,AZQWER
481,HASHIRE SORI YO
482,Aspen
483,destiny9
484,disparage
485,Dangerously
486,Araidan
487,KJKook
488,Le Dawn
489,Ur LP Is Mine
490,ThePieCrusader
491,TimelessCub
492,SeattIe
493,Lefasa
494,The 25th Justin
495,197
496,Waraight
497,WhatsInItForMe
498,Cannibaal Kevin
499,hi im cupcake
500,Niles
501,Fighter Torso
502,Whimsy434
503,K3v1nRul3s
504,I Love Band
505,Morelia
506,AlexKimmy
507,BoilTheOil
508,EDGHyper
509,donbray1
510,Protos
511,Kexi1
512,700kg grandma
513,Kim Down
514,5FlowerMeat
515,A5PECT
516,Ms Vanjie
517,Ram Best Girl
518,Invitrix
519,yyvy
520,SplashOfCrimson
521,Rang Wo Bai Lan
522,fdecnadtsal
523,C9 Darshan
524,WangYiBo
525,9 inch cigar
526,punkstar
527,SisterJunky
528,Iuno
529,Spirax
530,Hakuho
531,Aechkay
532,Addle
533,perryjg
534,mohawk
535,S Monkey
536,Construct 00
537,season 11 crummy
538,PowerSmite
539,BurstPhantom42
540,in the gulag
541,Bashful Iceberg
542,Forty
543,JonBiven
544,Grovy
545,Cheerleader
546,TTVcourantee
547,iQ Aashkaash
548,hasaki warrior
549,Nara
550,mid ruin
551,Iuap
552,I Am Chanman
553,I EAT BANANAS
554,Yoshi
555,UCI duong pro
556,karasuno setter
557,CocoMisu
558,Max108
559,Suitofarm
560,Otis Burrell 
561,Tippey
562,ridley
563,2 Spearz
564,Amate
565,Surround
566,youngfly 
567,ANaKedkid
568,TEMP 27236133
569,Flamboozle
570,2k 1m80 20cm 30m
571,Exile
572,davidisape
573,rovex
574,Wan An Husky
575,huffalumps
576,Doctor Doom
577,bea4wgl
578,Dig Bick Dandito
579,JOKER IS BACK 
580,Nico is PeppaPig
581,ur mom r all fat
582,kidbizzle
583,Para Ti
584,lu28826167
585,LF Noona
586,big cat
587,ispy1
588,GotMyFuzzyCuffs
589,Celestic
590,hi im oreki
591,Yun 77
592,2Doran1Ninjatabi
593,Disconnector
594,Wx Najuehuo
595,CrusaderX9
596,A Little Yue
597,Busio3
598,Kill Minion
599,BigLlama10
600,pissss
601,ADC Skillcap
602,Bad Healer
603,Stabsie
604,0ops Iron player
605,TRAFFI UNLEASHED
606,CoIby
607,namjaya
608,sniffuM
609,TL Armao
610,Mizli
611,Nappy
612,Loves a game
613,swifty12
614,25 hot
615,NoNoYogi
616,Mental Bloom
617,Lacunose
618,Everest76
619,InitialLotus
620,NanoSpeck v2
621,MrBrobo
622,ArKaDaTa
623,100 Chad
624,Ekisde
625,Bluwunk
626,Nyankali
627,Yoonsa
628,Raveydemon
629,GSDFQWASD
630,Tutsz1
631,Secret PIayer
632,Yonder Sapphire
633,Darcreationx
634,needyhenry
635,ABCDEFGHiJKLMAO
636,MA Taelone
637,Thomas Shelby1
638,BirdofSand
639,PlayWith4Amputee
640,UltraFoxy
641,Pingky
642,Lynnk
643,Rosaceae
644,lce Truck
645,LockHP
646,BronzeVg
647,Pupu owo
648,Why So Seriously
649,Shapeshift
650,FongIuNie
651,Vasticious
652,Scarlet Symphony
653,old dry mother
654,im Ahj
655,Taffys
656,ShotcallerBilly1
657,strikerzone21
658,Viegod Sabroso
659,Cinnamon Bread
660,Qzy
661,Yasukeh
662,Mnew
663,I Like 02
664,GIchigo
665,Autmn
666,XYG  Xu Jian
667,A Real Kitty
668,Klixx
669,You Int I Sprint
670,Ai Love You Too
671,RiceLegend
672,mbti INFP
673,Asexual
674,xWind
675,8SL Jiuji LieKai
676,Spurge
677,IlIllIlIllIII
678,Yun Qi Bao Bao
679,MyPetRicky
680,RoyalRoy
681,Pennacchio
682,Mongolia EQon
683,Fireflyy
684,s11 peaker
685,Predator27
686,Iinks
687,ShadowAlkx
688,wickJKR
689,LunarPollo
690,always plan ahea
691,zdd
692,jhlam killer
693,Tringe
694,Gold Inferno
695,WXPOKEMONCATCHER
696,Kanao
697,play for lane
698,          srtty9
699,Can1ne
700,All the way home
701,Dippie
702,Shweeb
703,3681
704,SanguisAnguis
705,Falling
706,ahn jimin
707,Hot Kindred
708,kv5
709,AME JuiceTown
710,TheRealPhilip
711,jimball234
712,Junaaaa
713,Doowan
714,aHowtoPlayDota2
715,Cywdazbz
716,Xenobladeguy1337
717,Kyorez
718,Doglightning TV
719,liantiguaiwu
720,yeet yah
721,kisno
722,xHAYDEN
723,Tomgoku
724,omero combo 4
725,LeenK LCS
726,Radiance Hai
727,Azul Phoenix
728,lai gen hua z1
729,Tos8719
730,GONEBYSPRING
731,JJJD
732,ImNotVeryLegit
733,Aya Ucchi
734,Phrez
735,sena x
736,Autolykus
737,Zile
738,TheFatInTheCat
739,Im A Koala
740,Matty
741,Candice
742,LoveKatarinazzZ
743,Ralyk
744,shxchi fan 1
745,FLABREZU
746,Distoma
747,KKYY
748,Motelles
749,Guessmebaby
750,OUTOFYOURMIND
751,Dime
752,GoliathGames
753,poebettergame
754,NinjaAqua
755,archerboy123
756,swordyshield
757,ych1414
758,Ahri Inari
759,MarTea
760,wztzg
761,DemonicBug
762,blonde dahyun
763,ImpaIa
764,I Love Mandu
765,Zap Rowsdower
766,OvO ylc
767,Nyne
768,xHenzo
769,Dragoon
770,Le Kill
771,Frost Thunder
772,Diablow3251
773,SCOUTLOVESFROGS
774,GoldenNinja103
775,imk
776,Phrxshn
777,Reavered
778,sushibutt
779,Zoro 11
780,nsnwsw
781,Mathias with Jun
782,emiliacosplayfan
783,xsmako
784,Pick lulu thresh
785,CBootcy
786,corgi dorgi
787,AddictedToBacon
788,GeneralSn1per
789,no filter flamer
790,Kycaxisha
791,200IQPLAYS
792,Went
793,Mobility
794,FJH
795,ShySept
796,ZombieOrange
797,Supersonics1
798,Shephurd
799,Bmfx
800,piwil
801,Rek It Ralph
802,Arneshie
803,PP Rear
804,Paracha
805,Manco
806,EDG Tonybaloney
807,QuinnAD
808,Annie117
809,Thats Not Fervor
810,Mario Sunshine
811,im new btw haha
812,Danyui
813,Assisted
814,TTV SaskioLoL
815,Tibbers69Party
816,HyyerCosmos
817,Arsenals
818,Ehowerew
819,TOUKAI TEIOU
820,Raydell
821,Twilight Ranger1
822,HeiHaiZi
823,Run Or lose
824,Byz
825,Phil Mechanics
826,parnelly
827,Barryyy
828,Meowing Cat
829,Melynlas
830,Kelpo
831,Ke Ie
832,Computer
833,Daybed
834,concept x
835,ItzAraGuys
836,wixaa
837,AniviaSmokesWeed
838,Fear
839,DarkWingsForSale
840,Trey Lance
841,Katfish
842,BlatantWintrader
843,hot girl irl
844,path top
845,OmegaK
846,MAMMOTHMAN65
847,No 2
848,IcFrosty9
849,parrks
850,itzz Wags 2
851,EgoDestroyer
852,SQKSQ Bottom
853,VIPERBIGANDA
854,B Lovee
855,Koggle
856,Yuumi Lover69UwU
857,GoshaBangBang
858,2Maxim
859,me is who
860,zyw
861,TwTv Main Sup
862,vicky is cutest
863,BilboSwaggins6
864,AVAX BRIDGER
865,fakeryboy
866,Harbinger12
867,Lili0Valley
868,Waitmecarry
869,gwync
870,Gnome3G
871,Will 16
872,Mojo Jojo
873,21 03 21
874,stacked q
875,ROYSH HACK XD
876,Semper
877,Sayarin
878,aquanthony
879,QNTA
880,CuJoMac
881,curtisisboss
882,Ran Out of Wit
883,clayd
884,Gumayusi wannaB
885,Kanshou
886,ASC Asylum
887,not playable
888,InsanityEnsues
889,lets rap
890,BoomBibi
891,1764763
892,Hot Ruffles8 
893,Scythorak
894,Angry game xD
895,Compskey
896,vetheo
897,04 Jug
898,Best Turtle IND
899,saku fan
900,VEIG
901,S12 LCS
902,llllllllllllIIll
903,Marzion
904,Toidielpurp
905,WARCRIMINAL99
906,Rekeri
907,Lycho
908,Platypus3
909,Anime N Chill
910,UC Davis 2025
911,Darko
912,Shearrealtide
913,I0VE
914,KAJA1
915,Scruffy2400
916,liveevil
917,Fancy
918,NY Ma lao shi
919,oyuna
920,TTV StrawHatAni
921,Shortley
922,ArcticBird
923,need some Iuck
924,AgAthaa
925,IllIIIIlIIIlIIII
926,Enchanter
927,Garrett1
928,Twitter ThiefJG
929,Reckza
930,Power Of Friends
931,Number 1 Taco
932,Aevahom
933,Zud
934,glass heart
935,BengDi Bu BengDi
936,Sea Dragon
937,Throw
938,Hopefulx
939,emuhack
940,Volte
941,FA Bjergsen
942,566
943,i am a girlboss
944,Efzo
945,cute mute
946,Crissp
947,XIAOZHUPEIHANG
948,mawlok2
949,i stomp on men
950,Raid Boss Morde
951,Loopsers
952,One Bad Monkey
953,Ninja Shen
954,5tunt
955,WKFbaby
956,xAItF4
957,THAT IS ILLEGAL
958,neukda3
959,Rabbithasu
960,BOMBOM123
961,tibs2
962,Danyal
963,bogo binter
964,Love Xi
965,Apdo
966,Sosig
967,Sneewo
968,jknbov
969,SkiTzee
970,F33dMeKills
971,Bhola
972,May it be
973,Chalino Sanchez
974,Always Chase Me
975,THROW       LORD
976,Firetheft
977,Rhaast Asassin
978,Narichi
979,1man4dog20ff
980,lron Pyrite
981,Yasaw
982,Anna Kragsloor
983,GhostJohnny
984,DiaKs
985,glizzysnacker
986,mid koldy
987,CR Rose
988,WafflesAndMilk
989,Almighty
990,SIGMA TOP
991,Bobbyy
992,huiyyao
993,HappySupportGuy
994,bie gao
995,Poopey
996,GDOG
997,Tasimony
998,Wero Teresa
999,zIceFire
1000,Shore Side Sunny
1001,Allyooops
1002,Riot Koyuncu
1003,EliteNA
1004,DanDongUzi
1005,ntabrck
1006,Kaho
1007,ruan pa pa
1008,1122334
1009,Hudsenne
1010,Just A Pleb
1011,DexteriousDee
1012,Revive
1013,THE Jons
1014,XxUntitledxX
1015,Veorra
1016,KKY
1017,ChampBl
1018,Ring Men
1019,Joda2
1020,Chris Perry
1021,AwakenedGenius
1022,KatOnMyKeyboard
1023,Moon97
1024,Someonehastodoit
1025,Big Pharma
1026,Love Scenario
1027,Dr Mundo Enjoyer
1028,GrayFawx
1029,dumpa
1030,camomille tea
1031,Lunacia
1032,jin9
1033,Urason
1034,Cpryus
1035,nanx1n catcher
1036,Truck Driver
1037,Ylanisey
1038,CallMeDarling
1039,Emanpop
1040,Chen Xiao Ran
1041,Sweet Krrystal
1042,Ferney Sanders
1043,Plutx
1044,miniaturehobbit
1045,ugly farts
1046,chikorita fan
1047,thickhunnieshmu
1048,Amar Int
1049,Zativert YT
1050,Wanted Trixx
1051,C9 Fridge Factor
1052,Acereal
1053,Johnsquid
1054,Hydranova
1055,A bag of Salt
1056,Windoges
1057,Tomoebi
1058,BEEMOTE ABUSER 
1059,kill
1060,Wario
1061,DaBox
1062,Gazzua
1063,Revenge of Avian
1064,Prymari
1065,JustinDozer
1066,Guess da number
1067,Engo
1068,roll5
1069,Destantial
1070,Pinkman
1071,Keybit
1072,metalhydra273
1073,CN Heizhou
1074,Rooked
1075,0rcus
1076,Airflash
1077,BabyQ
1078,Zayno
1079,srene
1080,GodBranQc27
1081,Alphatn
1082,Pengu Emperor
1083,Leemo
1084,Mood9
1085,heartblade
1086,Mergesort
1087,EricZYang
1088,Urcade
1089,12 years a jg
1090,jimmykoi
1091,Just Yuu and Mi
1092,Furyhorn
1093,TrapperOTY
1094,Kennnyy
1095,iwjjwi
1096,Sean Nelson
1097,lNANl
1098,CensoredMercy
1099,A S B
1100,James Jeong
1101,King Cobra
1102,RIPStollie
1103,pawn0
1104,Soonchang
1105,Maykel
1106,Neo Restoration
1107,weakside crab
1108,InfiniteLaim
1109,IceJunSlowly
1110,i hate jglers
1111,gourd kid
1112,24tergserge4
1113,Kenjay
1114,Zaga
1115,H4CKER
1116,Gaia Ultraman
1117,Ochre99
1118,lemnos
1119,checks play
1120,Hybernation
1121,cisco xo
1122,Le Meep Meep
1123,Anarchist Rabi
1124,heidy
1125,Walmart Pajamas
1126,StarP1atinum
1127,Sarcasm Orgasm
1128,Metroblade
1129,Nivy
1130,Lazy Lambo
1131,KroAaToa
1132,Induce
1133,Team GAP no CAP
1134,Hayai SingedSama
1135,Brunsos
1136,Tesla
1137,Jhin Rummy
1138,miyabun
1139,Keyune
1140,lnvent
1141,handytaco
1142,EnerChi
1143,Lemon Bomb
1144,No Role Models
1145,Fated Blade
1146,EyeU
1147,Vayne has Faith
1148,Finitty City
1149,Chloe Moretz x3
1150,boyfromcocytus
1151,RedEvoX
1152,Guan Wo Peace
1153,Fight me homie
1154,Bumi WL
1155,Pure Genesis
1156,Honcho Hoodlum
1157,IceOnFires
1158,Prime Ahri
1159,Artoria
1160,Shadow Master 
1161,Trendy Dad
1162,Pixeldrum
1163,Large NiuZi
1164,The Exceed
1165,Cendilion
1166,theZALT
1167,Master for Mo
1168,Tehpwner188
1169,markham mans
1170,Memes From The 6
1171,Syndicate Soul
1172,woodwoodwood
1173,xLazarus
1174,99 Ranch
1175,Jokage029
1176,i wont
1177,useless role1
1178,K1MCH22
1179,A D
1180,YourAverageGril
1181,Weird Xerath
1182,Xasumii
1183,hentaidoujinshis
1184,Dr4goxx
1185,PAlNFUL
1186,nonbreath oblige
1187,Swaggy
1188,ThePyroGod
1189,ICarryMyAdCarry
1190,MoreSleep
1191,Pentius
1192,Thanos no ult
1193,EPHESlANS 2 8
1194,ArgentumSky
1195,Bhad Bhabie12
1196,QQlove King
1197,EDG NBBBBB
1198,EvergardenViolet
1199,Wubziee
1200,Wishless
1201,NayD
1202,C405
1203,Moneza
1204,Cyphers Fan
1205,Lee et al
1206,Secre
1207,Nicole YYDS
1208,emo yue
1209,rRooks
1210,Revenge
1211,Charles Huang
1212,Emprisonner
1213,timal
1214,Zamudo left nut
1215,Niki Niki NEE
1216,Crackadon
1217,KiteAzure
1218,sai yes
1219,Nasteey
1220,HHS Pengu 
1221,otto is gun
1222,SheGottaFatYas
1223,DrunkenSun
1224,DrewP
1225,This is JG
1226,xBenjin
1227,  rosie  
1228,dbz B3 and BT3
1229,Noton
1230,Monkey is back
1231,Outclass
1232,KORASIII
1233,Bejjaniii
1234,Only Shaka
1235,Deeri
1236,Desmiano
1237,Nighty6
1238,hitman147
1239,Pr0Dark
1240,me anim
1241,Vampicide
1242,GetTheMop12Tree
1243,Kravn
1244,Naxblade
1245,STU Dolphin
1246,Wuju Senshi
1247,Best Billy NA
1248,Bury The Past
1249,GGori
1250,Le Sontofukimchi
1251,shernf1
1252,Mibuni
1253,drakehelper
1254,Triplevalyard
1255,Gazmo
1256,gao shou
1257,Desiruo
1258,SlyLego
1259,Noyoustink
1260,ryanrg
1261,Zane of Zaun
1262,keungi
1263,Yaoyue
1264,Iet me carry
1265,QuinnAD Weakside
1266,CR Coldplay
1267,OpTic WaFFleS
1268,5j341klk4j23gdfg
1269,CherryPopz
1270,Jaalke
1271,babydaddyyy
1272,courante76
1273,JohnnstR
1274,Cheetah Hound
1275,LittleFiery
1276,RiniMaha
1277,Big Swan
1278,time wiII tell
1279,tyson1
1280,Junha
1281,JUNGLE MAIN 2017
1282,MG NYC Jack
1283,Busy to be Shuai
1284,Dawiid
1285,MaRiTiMuS
1286,YaThatWasABanana
1287,ps 01
1288,Rainbow Bunny
1289,smile a lot 
1290,BigOat
1291,Luv Notes
1292,Im at the lvl 5
1293,ventyx
1294,Meokyu
1295,6 camps 2 crabs
1296,GALA1
1297,BunnyHoney OvO
1298,dJgKxIMarcus
1299,About 39 Goats
1300,wannabemysupper
1301,Dicks
1302,ouo
1303,Muffined
1304,Long Hoang 
1305,Zhadox
1306,Dead Butterflies
1307,Free WiFi
1308,NintendudeX
1309,Laynx
1310,ShuGodLike
1311,wumpo
1312,NaCl Tim
1313,A Yellow Bee
1314,Kriffi
1315,Iron 9 Trashcan
1316,Pavilion1999
1317,fairy girl
1318,Sapfiros
1319,Dark Rose Vayne
1320,older every day
1321,Babykingkong
1322,miaozixi
1323,down bad nate
1324,woxiangdatapi 
1325,KryRa
1326,Liquid Therapy 
1327,hashinshin
1328,Eyes Of Blue
1329,niniim
1330,warmwaterfall
1331,C35p
1332,OOORRRRRRNNNNNNN
1333,Inscribe
1334,chias
1335,Khaotic Blades
1336,Pikpalladira
1337,Kryzlx
1338,ThatsAToad
1339,jamican banana
1340,Lord JG
1341,daddy tartaglia 
1342,duel 1v1
1343,iKoogar
1344,GunslingerLol
1345,MasterChandelir
1346,Faker 1s My Son 
1347,Boon
1348,OneButtonHero
1349,Aatrox
1350,NA SERVER SucK
1351,Siere
1352,TroubadourAS
1353,1 k
1354,Isolde
1355,Ben1 Lo2
1356,LEC Aggro or FF
1357,Airijko
1358,Pas de Chance
1359,NA Talon bot
1360,OmegaMD
1361,GachaBass
1362,ROG M1XG
1363,Chime2
1364,DabinPenguEmote
1365,DoughnutDrew
1366,Tribute to a Kin
1367,pilling91
1368,digitalotus
1369,Duelodyc
1370,Blitz
1371,Backuping
1372,D SHAO
1373,Suhansh
1374,Cyanideandherpes
1375,TalkTooMuchMuted
1376,lin yi
1377,xvxvxvxvxvxxvxvv
1378,ZulaWarrior
1379,woyaomiaoshani
1380,Zaiphen
1381,looking for dad
1382,Faust3
1383,Sempervirens
1384,MQ0
1385,WDNMDB
1386,Midicapa
1387,The Nine Tail
1388,wff010
1389,YourMomBoomBoom
1390,Aethal
1391,Ql Tian Da Sheng
1392,ggemi
1393,MEECHOL
1394,KlNH
1395,Falix
1396,Prebaku
1397,Benjimex
1398,Queen IU
1399,Xonas 1
1400,Hide on 7SHAI
1401,MEOWZORB
1402,LazarusJungle
1403,SnapeDz
1404,Pentaless1 TTV
1405,Cyanosis
1406,lncandesce
1407,lIllllllllIlI
1408,SoloXie
1409,KEKW
1410,jinx gf
1411,ANTI AXER
1412,Jintosu
1413,Samidare
1414,Andrew0n
1415,Viceera
1416,Roflcopter
1417,Izuruu
1418,Johnsun123
1419,Thinking PLZ
1420,Fiction
1421,Aidan 2
1422,Z1lla
1423,Sophist Sage
1424,xXxPU551zS14Y3RZ
1425,Hit n Run BIitz
1426,TC porsche
1427,Heiclo
1428,yuri chan
1429,Z Score
1430,Hai Le Song
1431,linputmeinjail
1432,MiniWasTaken
1433,The King Of TFT
1434,Vivlette
1435,CurtTheGert
1436,blackoreocookies
1437,Noobstack
1438,chuzday
1439,Bruder
1440,NiceChompers
1441,disblaed
1442,Im scary
1443,Best Cassio On
1444,Kobymao
1445,SakuraAir
1446,itsBarlo
1447,ADC IS GAPPED
1448,OU Blonde
1449,REN JIAN SHI GE
1450,scooterguy69
1451,The First Poro
1452,MVPLeonidas
1453,Pyoneer
1454,LL TRIGGER
1455,Payasito Risitas
1456,Antonium123
1457,Gochi
1458,Mega098
1459,Indivision
1460,Qiao Ling
1461,WxYDXSFSFSSFSDEE
1462,Jinx0neTrick
1463,zqmdfg
1464,Recycle Bin
1465,gayboy42069
1466,Awk
1467,Deantasanto
1468,SatansLargeShaft
1469,QSEN
1470,92i
1471,Rising Above
1472,Enrique2pe
1473,LuoYe
1474,champwithoutbelt
1475,IG Tong
1476,Zutomayo
1477,Mohanno
1478,Whimsical Rat
1479,Furtive Turnip
1480,sana2
1481,Yunah
1482,A Furious Doctor
1483,yassinCodes
1484,Luck Man
1485,JustAWeeeb
1486,evrewS    
1487,Twtv Cupic
1488,Renascor
1489,Outsmarted
1490,Grilotrix
1491,Unity
1492,Sonny2o9
1493,putjuiceboxdown
1494,TwTvLolplayerbad
1495,Fizz QWQ
1496,0202020202020202
1497,Snow2
1498,KoB Heathcliff
1499,MrFluffy631
1500,Nami in heat
1501,ISM MatKebab
1502,C9 Captain
1503,Blueyoshi6
1504,Ixenbay
1505,C9 Mirajane
1506,BlueEcho V
1507,Quirk
1508,alpha chad fizz
1509,XXXIX
1510,1 800 Jungle
1511,Heize
1512,drivers Iicense
1513,Low Hope
1514,Plain Jim
1515,Leegue
1516,Real Life Armin
1517,TheJakourt
1518,Tencent is gay
1519,Branagh
1520,tomeito
1521,getrektidiotlmao
1522,AND 1 AIDAN
1523,TTV loljss
1524,Scyrnn
1525,WOODHOUSE666
1526, 7MI I
1527,SB Wazabiee
1528,Clipperzz
1529,edg viper fan
1530,sgrug4
1531,Setoo Kaiba
1532,BarbaricDictator
1533,jaclyn
1534,sauce DX
1535,spatted
1536,Int Overflow
1537,Random Player
1538,Butter1
1539,ShabaMoon
1540,grasp droben
1541,SiYeBuDaiTao
1542,C9 Avril
1543,Poropops
1544,Crackhead Twitch
1545,Sollarus
1546,GU0 bao rou
1547,White 55 0pen
1548,Faltering
1549,Thumper
1550,Repent
1551,DOKHA
1552,Its Okk
1553,Red Eclipse
1554,believe in you
1555,a liability
1556,FartCollecter
1557,Around
1558,SakuraAoi
1559,new sea sora
1560,Tekayah
1561,Happy game xDD
1562,Sated
1563,Kingicepop
1564,Evil Vulcan
1565,haebaragi
1566,PROD JG
1567,Flyhippo
1568,B Three Wolves
1569,Rabadon
1570,Lebanese
1571,XZGG DE baobei
1572,Poor Mans Rose
1573,gemi swift
1574,Kiwi
1575,Ametora
1576,TyChee
1577,Limitationss
1578,Lulu WRLD
1579,ULTRAMARATHON
1580,Girlfriend
1581,DEMOTION SCREEN
1582,Komari
1583,fernsboy
1584,MooMooMooCow
1585,FlawlessKnight
1586,BuSut 
1587,SAITAMAisback
1588,TheePope
1589,Khafre
1590,Lossiferr
1591,pjr00
1592,Felfire
1593,Cool Crabbie
1594,doyeoniee
1595,The Bear
1596,DAUKTAUR
1597,perry1
1598,Light
1599,joey mills
1600,Migrainer
1601,Jannas WAP
1602,Kreid
1603,omero combo
1604,bloom1
1605,A Ninja
1606,ivyzz
1607,Bie Shang Tou
1608,Stricken1297
1609,eeeekwS
1610,Alxl
1611,Thomas SheIby
1612,eXyu
1613,YYX
1614,FeelsBackPainMan
1615,Topo
1616,07scaping
1617,Sir Mighty Bacon
1618,dogma v2
1619,Over sky
1620,RipperJ98
1621,Burstshot
1622,yababa
1623,chovy 16
1624,EleJiggle
1625,your turn to die
1626,Bluesz
1627,GD Love
1628,Legal Report
1629,SnipaXD
1630,LDCs
1631,Lidds
1632,LANDALWAYS
1633,iRevelation
1634,ioki
1635,Yin En Hui
1636,IgnoreMyPings
1637,SB Kaj
1638,heietouzi
1639,StefStef Supreme
1640,Furinka3an
1641,Fiery Boy
1642,WoShiDaCongMing
1643,Zeuce
1644,Lyrink
1645,act0r
1646,Chillpills
1647,Forest Blakk
1648,tramkamm
1649,xiong ba ba
1650,bmi diff 
1651,Devilman
1652,Etheryan
1653,payaam
1654,Supportive Gamin
1655,Azeko
1656,Faelan
1657,wizard5o
1658,i have a story
1659,Jormog
1660,Dimitrylol
1661,Rainbows guy
1662,Hytonik
1663,omerofan98
1664,Symbol of Peace
1665,Minah
1666,Shorn
1667,winshugely
1668,PP POOP XD
1669,Gerbil of Rivia
1670,first memory
1671,69Danny
1672,GavinListriveto
1673,Sealie
1674,JDPayne
1675,Beewitching
1676,Kyuki
1677,Ketie Pie
1678,kookykrook
1679,Claisa
1680,The Big Time
1681,wakanari
1682,U ARE ALL TRASH
1683,WH NeverPlayJG
1684,Laurentiu
1685,Kolthro
1686,DSU Quack
1687,can i have gank
1688,TaeSo3o
1689,bubbi
1690,ShepherdOfSheep
1691,Im still here
1692,papi 0asis
1693,Zaun Holo
1694,Impmon
1695,Emortuuss
1696,roguebunny0
1697,drowsy lagoon
1698,Sore
1699,Kklein
1700,Wynncraftian
1701,Aryuz
1702,Gaulrik
1703,H3LLoFeet
1704,You Get Carried
1705,Onagne
1706,jeromel
1707,Cursed Rengar
1708,Izateylon
1709,winstonleeyau
1710,Everblade
1711,xJayReck
1712,Oronuke
1713,BatBoyMelee
1714,godsent mid
1715,Doublelift
1716,lemontartdreamer
1717,MioMio
1718,chao ji di shou
1719,ZileanaireTTV
1720,Clarus
1721,TheMuscleShark
1722,HerbieRL
1723,beta boy
1724,ihatelosing
1725,Yat
1726,Hafu Jr
1727,Ichiwin
1728,NOCHALLYNOBREAK
1729,Squidsauce
1730,Sybr
1731,Mantry
1732,ozkai47461
1733,Small Fluffy Cat
1734,Asuna
1735,S10 SION JG KING
1736,Yoshiey
1737,Zantimon
1738,xRoyal
1739,Psychopathic Top
1740,Debraj
1741,GJGJGJGJGJGJGJ
1742,Karmix
1743, OolongBubble
1744,dougieD1
1745,AGGRAVATEDFLEXIN
1746,no names to pick
1747,Haise
1748,Sexy GirI
1749,1PunchMan
1750,99s Kai
1751,TwitchTv Jugttv
1752,game sucks lol
1753,Aceyy
1754,NMSLWSNDHJYZ666
1755,hentaiREZ
1756,big head
1757,foggedftw2
1758,Lucky Pham
1759,QWQ QAQ
1760,Kurotsugu
1761,sammystinky
1762,CASS7DY
1763,Haxorr
1764,KlTEYOU
1765,Lucky
1766,Azexian
1767,Taubenzeit
1768,FlREFLY
1769,transfer mid
1770,Okuri
1771,Dogge
1772,iloveyou1234
1773,A oreo A
1774,Art
1775,NxiSheidanKenvi
1776,yanderu
1777,Cyberblanket
1778,Khanm
1779,Fear of Max
1780,Swkeeee
1781,Yeezus4life
1782,me hit u
1783,maximizer
1784,CupGin
1785,Dior Diore
1786,wohenshengqi
1787,Bluster2
1788,Scaerick
1789,EDG MElKO
1790,YoungAspiring
1791,Fromherotozero
1792,RUDASIWA
1793,Yorushika Kansei
1794,NeverGetLaid No1
1795,TSM Spica
1796,moon daddy
1797,Sketchdreams2
1798,Swords
1799,Like a Stone
1800,DavidTheGuy
1801,gods sky
1802,Fioh
1803,Riot GalaxySmash
1804,Blower
1805,DAV0
1806,MXT
1807,YEE WINS
1808,Sayonee Umbra
1809,midee
1810,Washed up John
1811,jellyknife
1812,callum koi
1813,Kiralho
1814,Facts
1815,Orange Tempest
1816,step1v9
1817,Erick Dota
1818,Lemonade28
1819,Legweak
1820,AkenoHimejimaDxD
1821,Solodaboss
1822,Buffing
1823,Barry Buggles
1824,York University1
1825,Jiu Jiu
1826,Jeune Du 18
1827,EDG Zoe
1828,Roug
1829,Beginning
1830,Hiccup1357
1831,micks
1832,denosor
1833,Always Never
1834,lMPROVE MENTAL
1835,A Hungry Yeti
1836,Kiryuu
1837,Wispete
1838,0 Viewer Andy
1839,THE KILLER GUY
1840,Bloomingdales
1841,CallHerMara
1842,Natrome
1843,Amberbeibi
1844,turtledove6
1845,Sentrial
1846,RHINOOOOOOOOOOOO
1847,byebyeboo
1848,El CalcetinSucio
1849,Sheiden1
1850,chu love
1851,Pholix X
1852,Bykrhn
1853,haha lol bad
1854,KAR6
1855,G1N0
1856,Norton
1857,Ninjaclasher
1858,moosy
1859,Modaze
1860,L9 jungkook
1861,why you chasing
1862,egirl ryze 
1863,bigfatlp
1864,Solte
1865,Aonez
1866,WheeIs
1867,Ba Bi Q le 
1868,lp money machine
1869,LikeMike42
1870,qewqeqwewqe
1871,Marine C1ty
1872,PMA Enthusiast
1873,cvxhi
1874,Pekin Woof
1875,MindfulChimp
1876,Dual
1877,SumSmerf
1878,Wellplay
1879,CEOofChallenger
1880,TickleMyTicTac
1881,DevilUnikorn
1882,Thirst
1883,Small Gaki
1884,Shayyyyy
1885,Skarmori
1886,iPwDinah
1887,goge
1888,XnebaG 
1889,Saeva
1890,Pocket Rhinooooo
1891,moping
1892,RangaUwU
1893,A Lvl 6 Poro
1894,WardInUrMumsBush
1895,llliilillliillii
1896,walmart evolved
1897,Eric1
1898,Aerodox
1899,MasterMonkeyNA
1900,Fiora
1901,A1C Masterby
1902,Inumerable
1903,MENTAL ATHLETE
1904,nazar boncuk
1905,Shuvi
1906,itwasthisoragf
1907,King of the Hill
1908,vaemqrlcxvz
1909,Thousand Cuts
1910,Icelandic Hero
1911,Briatsuita
1912,Skywish
1913,XolD Shadow
1914,VoidStar
1915,FrowstyWaffles
1916,Trevor26
1917,Engineers
1918,atmost
1919,MajesticPony17
1920,kingbranflakes
1921,Jinsoul
1922,Dhokla
1923,silent express
1924,Joelini
1925,GrisIy
1926,SweatyToast
1927,L9 Stylish
1928,Skunksmen is dog
1929,Horizon Bound
1930,Poonsung Yark
1931,Allorim
1932,Nikko Nikko Nii
1933,Benefactor Sam
1934,Garrett Meyerson
1935,HighLimitTest
1936,sai desu
1937,Xiao C Darius
1938,BOBtimer
1939,yonaguni enjoyer
1940,AChaa
1941,Snyperman
1942,koni dio
1943,Kdrama
1944,Feather Daddy
1945,Loveliest
1946,ZSultanZ
1947,Water fudge
1948,TrexKz
1949,ClimbMaker
1950,Scuffed
1951,ChevreAveugle
1952,Ky1111
1953,PAPA FILTH 
1954,PILLPOPPER69GOD
1955,Im winning dad
1956,Joanna I
1957,Deku from VN
1958,bknormbk
1959,Little Meat Pete
1960,Tokiwadai Ace
1961,lost mental
1962,Squiblard
1963,Caesa7rz
1964,Saamy
1965,UNIV
1966,Round of 16
1967,Alexey
1968,IREMIXI
1969,BzNova
1970,l Grymm l
1971,AutoMeUrmomdies
1972,VX Lyhx8889
1973,NatsuDragneel14
1974,DavaiDolbiNogoi
1975,TheDankTank
1976,Doxa
1977,DrRoflstomp
1978,Anguish
1979,Nazorio
1980,Bunskie
1981,my fish
1982,Archangel Aatrox
1983,1m Tired
1984,Fallouch
1985,SkyRush
1986,Anomander rakeD
1987,fuji mountt
1988,Pakuuuu
1989,Fidd 1
1990,yasmyn
1991,Ai li si
1992,Little PPC Ofc
1993,Flock Off
1994,Dandelion Yi
1995,FaithIsMyWeapon
1996,Blace
1997,Minmin 10
1998,ActualDeadChamp
1999,lilkarth
2000,TheEliteOkami
2001,FreefaIIing
2002,dtro18
2003,GR8 Demone
2004,upset222
2005,DeftGirl Xizi
2006,Soup1
2007,excz
2008,WalleBear
2009,kanonbob123
2010,Tu Es Mon Lilas
2011,Golans
2012,Marcutie
2013,jlandlol
2014,TheGreatHazam
2015,gachapon
2016,KatEvolved
2017,Elessar
2018,Respectfully
2019,Chimp
2020,NotSporks
2021,Auntie Ana
2022,Is Tenderness
2023,UR GF MY DIOR
2024,Le Feiz
2025,Chase v9
2026,Im XiXi
2027,Avano
2028,KING WERTUY
2029,milqu
2030,Pleinair
2031,Natsukii
2032,TheFanged
2033,Edispaghetti
2034,Oldmanguy
2035,soulcrusher71
2036,HAIDORA
2037,cob68
2038,Laserholic
2039,IIIllIIIllIIIllI
2040,Goth Squirrel
2041,Gromp Husband
2042,Instincttt
2043,T1 Oner
2044,a redemption arc
2045,Silent Steps
2046,Nuyinto
2047,TF Kisno
2048,Hi Im AkaliHui
2049,Alpha Chris
2050,ShrinaaaQaq
2051,el D3rp
2052,hdhs
2053,Naffy
2054,yzfx
2055,ssspoonS
2056,OIov
2057,Detsu GAP
2058,For Gunslyyy
2059,Im Rob
2060,Sandflame
2061,Drazmere
2062,NOOOO WORRIES
2063,Chen Mo
2064,NoobestNoob2
2065,Jiggedy
2066,SkooLuvAffair
2067,dodge or i 4fun
2068,Lowest
2069,PanCurry
2070,SU1KA
2071,Onier99
2072,Hei Si Yu Jie
2073,Hesrew
2074,Kmage
2075,Snoopsss
2076,Zako
2077,empty image
2078,tahe baby
2079,Zequilla
2080,Jabtyde
2081,Twocutz
2082,TheUrfGoesWurf
2083,Dragonminkim
2084,EG SkyTec
2085,PotatoClown39
2086,Demunlul
2087,lxwrence
2088,EGO Sadistic
2089,StrongCompetitor
2090,Previous
2091,8 Dian Jiu Shui
2092,Spawwwwn
2093,Stats
2094,5 Role Patrol
2095,HaaaZe
2096,Carita
2097,JJ4
2098,bark go duck
2099,gay yep
2100,9x jg wintrade
2101,Replay Remix
2102,IG JaydenL
2103,Eye of Storm
2104,InvertedComposer
2105,monkey30000
2106,Cylainius
2107,Haamil
2108,pOtPCatherine
2109,APA1
2110,Camp that Bush
2111,duo lao a
2112,VegaNinjA
2113,OOFAFA
2114,Spam and Bryce
2115,Amphy
2116,Jezherogy
2117,EvilTwinkleToes
2118,YourLastLaugh
2119,Borntobegod
2120,Light Kha
2121,sour candy
2122,toreshi
2123,HandsomeK1ng
2124,LEO99
2125,Matts Cat
2126,Tis Dan
2127,Felyx
2128,Optimistic Ego
2129,tysonot
2130,love morning 
2131,15171737437
2132,lIlIllIIlIIlII
2133,arnesh
2134,Kennywalol1
2135,Powder Main
2136,Veleno
2137,armor039
2138,Arc en ciel
2139,ome dot tv
2140,Xakutara
2141,INANI
2142,Delete All
2143,Mr Sedulous
2144,Anzhelika
2145,Zahnet
2146,His Final Shot
2147,Taegon
2148,merrjerry
2149,Rhite Wice
2150,ItMightBeYaBoy
2151,Alibye
2152,Nee8
2153,Joseph Mulherin
2154,Prank
2155,Truth Dragon
2156,Le Sasoi
2157,TheBootyMasher
2158,Pi Pi Su
2159,George Boosh
2160,SirSlongLongDong
2161,Rezide
2162,Godvo
2163,Cornboy1833
2164,Linnie
2165,khalichi
2166,Jay Jay King
2167,Blast Me Daddy
2168,Le Lyn
2169,LightningRex
2170,Wyh
2171,Aeger
2172,KryRa 16
2173,adc
2174,Kirazono
2175,Aizo
2176,Spokna
2177,Dont Turn Back
2178,Blue Skyman
2179,ttv Slyther6
2180,Rayburn
2181,GiveMe1LastKiss
2182,SKT Demon
2183,riversided
2184,Unknown Emp
2185,potatoeblasterll
2186,Baru Cormorant
2187,MerryHel
2188,Squink D
2189,1qxygucqxlfl558h
2190,Defragmatizing
2191,Pinkkkkkkkkkkkkk
2192,WintersElo
2193,Hasie
2194,BerkleyHS Intern
2195,Akaash
2196,Yeetor
2197,LIewelyn
2198,YeetYuh
2199,kevintianXD
2200,Azog
2201,Lucifer
2202,sexer
2203,Lunarly
2204,wx NAxiaotui7
2205,EnSaneZ
2206,Cinderella
2207,PIant based
2208,USAjj2
2209,ThirdPoint
2210,0900
2211,Heechan
2212,Bupropion
2213,Suey
2214,hot nut
2215,Turboz lagz
2216,Good at Coping
2217,HuaHua OvO
2218,Prankuru
2219,Yyao yao
2220,010100101
2221,Wandering
2222,Matches
2223,personnel office
2224,Mrlazy519
2225,kkkkimi
2226,Jhindiana Jones
2227,ProPaint
2228,Jug 1999
2229,ButtBoon
2230,IN VlNO VERITAS
2231,DIG Spawn
2232,Shaunder
2233,kalbean
2234,Benhart Vance
2235,NorCal
2236,lil opressar
2237,CC Shogo
2238,Yoshi Where
2239,ouk
2240,i is tank
2241,HuaWei Mate Xs 8
2242,I am Sunshine
2243,Fleck
2244,qufl
2245,cat4
2246,snartxx
2247,S2 S2 S2 S2
2248,Rare lndividual
2249,MeItys
2250,MythicNJA
2251,Darcy
2252,Zealand
2253,DirtyMobs
2254,do b top gap
2255,Saint Ghoul
2256,rockonhi5
2257,animegirl2007
2258,byulbit
2259,Dolphine
2260,Shoubee
2261,POLLINAT3TH3R1FT
2262,Alana Banana
2263,Ai Love You
2264,Zeyzal
2265,Clone1
2266,Sm0kescreen
2267,A Caped Baldy
2268,twtv tenacityna
2269,Dinner
2270,Shinsuu 
2271,Krusty Crab
2272,Bad Young Girl
2273,Antony Ni
2274,MoRoW 4th
2275,Thua CMNR
2276,Burning Fire
2277,Z o
2278,stn
2279,SnowIvy
2280,Queen Nai
2281,sico
2282,KennyMasterLin
2283,ebae
2284,Star Eliminator
2285,July 8 
2286,Excentric
2287,Zha Nv
2288,Pa Kong Huan Xi
2289,Sawares Kitten
2290,ElijahDD
2291,remmacs
2292,JJBA
2293,Tbarkallah
2294,pizzaman007
2295,isthatthem
2296,VULCAN big fan
2297,KBDDDSSB
2298,KAIMU 1
2299,Kai Lunari
2300,Mr Zlatan
2301,Slim 1
2302,Flashcannon0
2303,its your funeral
2304,CAT CRIME
2305,SHOGOFANBOY1
2306,Dannyboy U wU
2307,CN YS K1ng
2308,Azami P
2309,Ambitieux
2310,UF Fyrat
2311,MotherMagmaMoon
2312,IKony
2313,puppy boy
2314,Bad Emotions
2315,Yue yun zhi feng
2316,Saknom
2317,1000 Girls Kiss
2318,Th3L0LB0sS
2319,R O A M G 0 D
2320,die today
2321,Levi Pug
2322,poisonmonkey
2323,alexr2226
2324,Rebel Yell
2325,Jinte
2326,0316
2327,Katana 0
2328,PONZI INVESTOR
2329,1a5l8a5s1c1s
2330,Sum
2331,Tree Eren
2332,ADKarry
2333,Stepsis Caitlyn
2334,Daiyume
2335,NIKJOJO
2336,aberm
2337,dali van picass0
2338,U SawCon
2339,terryta
2340,Aylen
2341,Mundologist
2342,moosehater
2343,Princess Kyle
2344,GiftedByGods
2345,Han Yi
2346,Da Young Smokie
2347,Luangs
2348,Khatab
2349,Love for Ruii
2350,bliss
2351,20TPS
2352,PessimisticPanda
2353,MatchesAL
2354,SwiFtSluG
2355,Ariendel
2356,tutubearr
2357,Sweet Tangerine
2358,Shota Tag
2359,ShuJuan
2360,852 charm
2361,richshi
2362,Dark Knight
2363,somii
2364,Deformed Jungle
2365,OPG MoMo
2366,Queen Alma
2367,Fan Tong 1
2368,Resilientsupport
2369,Lemon Is Blue
2370,General Blessing
2371,Tes Chovy
2372,SlayerSupremelol
2373,NA IS A ZOO
2374,JamesGae681
2375,Kittisaur
2376,Yasuo is weak
2377,Derek HH
2378,Budded
2379,Good Boi
2380,Hero Himmel
2381,ttvEmadTheTurk
2382,year of lourlo
2383,Nightstar
2384,smallasianboy69
2385,Rositajonez
2386,Jezusnpals
2387,Stingus
2388,Q1UQ1UQ1U
2389,Mei You Qing Xu
2390,ISO ISO
2391,Best Teemo N4
2392,31798
2393,Windperson
2394,afters1
2395,best zoe evah
2396,ANTlDOTE
2397,Buddha
2398,bobqinXD
2399,DARK WlNGS
2400,In The Bible
2401,taliyaha
2402,No Hay Chance
2403,Xerono
2404,TurtleEpic
2405,1Alchemist
2406,likmr
2407,Arkam19
2408,PerfectDiscourse
2409,Dylaran
2410,Dizley
2411,hunbuying
2412,RNG Duong Duong
2413,LeastGayMan
2414,mode 0
2415,Airtom
2416,Shrimp Cpt
2417,iiMrBoomzii
2418,TSM Eclipse
2419,Veiga
2420,Owlbum
2421,Epsilyon
2422,Marksboy
2423,Sweet Lemon o3o
2424,Kross
2425,Narthen
2426,Kurose
2427,Lane Diff Victim
2428,We Bee Simpin
2429,chomaker
2430,IIllIIlIlIIIlIlI
2431,BAESURI
2432,Piriya
2433,Just so so
2434,Wentworth Miller
2435,Nikkone
2436,SugarDaadyy
2437,NO GANK TOP LOSS
2438,buster131
2439,Troph
2440,Seliollas
2441,PlzRefrain
2442,TiPinPin
2443,Tactical
2444,NightParadise
2445,Kexii1
2446,Aicaid
2447,BritishGay
2448,Iced Noodle
2449,MaxzzzCat
2450,Selenik
2451,XFSN Sakura
2452,SpicyBoi69
2453,JordanTheBoss
2454,forgivemeisuck
2455,Raymung
2456,Chapter 1
2457,Shinyuo
2458,shishinik
2459,Iuchebine
2460,FireSpiritPhonix
2461,ningaflinga
2462,11010
2463,Kyle 2022
2464,kohkvj
2465,atkins2
2466,Fishing for Urf
2467,BE Hunter
2468,Swagnar
2469,Draven baka
2470,Happo
2471,INoobPlays
2472,Muziiii
2473,Quick Overlord
2474,Iziio
2475,Vaubelle
2476,L9 CLAIRO
2477,jiu yuji
2478,Gpdz
2479,adc guts
2480,Fishlord
2481,Frog Maw
2482,SkyTOKKI
2483,zero xiaochou
2484,Latence
2485,Panunu
2486,Trickyyy
2487,Pockus
2488,Polymorphic
2489,Miikie
2490,Kodama
2491,b solo lane
2492,ISM Spy
2493,Nukez
2494,Fleuber Burbler
2495,Kuhz
2496,Yasuperior
2497,TheOvercomer
2498,NIGHTMARE JUNGLE
2499,Hillvyas
2500,AllDayBro
2501,kennyHYPERBRUH
2502,Sonohara
2503,Activeforce5
2504,Matty Wade
2505,Wolzie v2
2506,Super  iiiii
2507,CHOPSTIX USER
2508,Die For My Sins
2509,kyle0621
2510,Grandpa Inori
2511,INFJ TOP
2512,Bronze one trick
2513,La Chocolatine
2514,Aireech
2515,HappyBotLaneGuy
2516,like a boss21588
2517,iNaofu
2518,Strompest
2519,DarknessRoniN
2520,Bellydrum
2521,Rexalis
2522,wong diff
2523,Spooky
2524,Younglin
2525,Tee GrizzIey
2526,yes molaa
2527,The Battle Beast
2528,AutoSwolekus
2529,Onehan1
2530,nanawo
2531,Tamamo desu qwq
2532,Angelica
2533,asap nocky
2534,wewega
2535,UnderJaker
2536,davidfighting
2537,Prototype white
2538,Kioka
2539,Mibalzich
2540,iPichu
2541,8 Pack Olaf
2542,Oricorio
2543,ueotan
2544,Kissful
2545,Chas3
2546,RiyuI
2547,MouseMazing
2548,L assasymphonie
2549,Infemo
2550,Testomaniak
2551,airflash3z
2552,yukilove
2553,Xogmoks
2554,Rune Scimitar77
2555,Yogurt
2556,T0MMY SHELBY
2557,Park
2558,help kass or 15
2559,ScaleneCircle
2560,bigfatjuicer
2561,Bloodthirster
2562,SMD Mtnops
2563,SOKO Solo
2564,Sh4dowFiend
2565,Subsist1
2566,yi ge da shi ge
2567,naaaynaaay
2568,JojoTheGamer
2569,4 Inches
2570,Amrr
2571,cy8
2572,Felauri
2573,Animalizerus
2574,innocenceV9
2575,Sorenair
2576,da hei ji ji
2577,Voli Icon
2578,Mossy
2579,misfit hamz
2580,Duelbrother
2581,RebelGangg LFT
2582,PancakeSlap
2583,dhc3800
2584,ye yu
2585,Stay Mad
2586,Derpinick
2587,Joyas
2588,Grope
2589,9120
2590,ShadowyFigure
2591,kr4zykilla
2592,A J
2593,xBlotter
2594,manspider011
2595,Sami000
2596,Wondo
2597,catennator
2598,Empress Bee
2599,Subss
2600,shxchi
2601,SaigyoujiYuyuko
2602,tofu slushy
2603,Nytesdawn
2604,Sami0
2605,JG WAP
2606,Le Hanni
2607,Dim9999999999999
2608,kimo
2609,King514
2610,Businessman47
2611,andtheknee
2612,DarbBarf
2613,DIg Striker
2614,Sleepyz
2615,sleepy divine
2616,Not Viable
2617,Love Iced Coffee
2618,Mercenary Heart
2619,playernumber6
2620,Incremental wins
2621,Hello Skitty 2 
2622,Reformed Falco
2623,UNCORRECT GG
2624,Spicy Cabbage
2625,kierky
2626,Uncle Dennis
2627,smart play
2628,Manaka UwU
2629,whyrrr
2630,Mr New Vegas
2631,FRENCHCOREABUSER
2632,Frankfcc
2633,SiIva
2634,lanse
2635,First Kyu
2636,CR OoO
2637,seratonin rush
2638,XiOnG XiOnG GuAl
2639,mon amour
2640,Kula
2641,Ynuaj
2642,richard4056
2643,Houdini Brandini
2644,ytsaid
2645,Daystatic
2646,Usni
2647,CrusherCake
2648,Navcan
2649,Miss Andra
2650,Miss Poggers
2651,Smoothie
2652,Beeshmar
2653,An Oink
2654,Gedo
2655,Neenx
2656,kogwog
2657,TSH Sariel
2658,thunderboy
2659,SevenSevenSeven
2660,rly horny
2661,Heavenly Goddess
2662,Hiromi Sakura
2663,Sighkey
2664,V O
2665,Noodlz
2666,ChaosRain
2667,ViciousDolphin
2668,garlic naan34
2669,xiaoheQ
2670,Trivia Boi
2671,Tomato Kun
2672,Er Sai
2673,Ianez
2674,Soju Rain
2675,im nyad
2676,joshloveskaka
2677,Joshua Bell
2678,Curtis Jackson
2679,Lycorist
2680,Aito
2681,SourApoca
2682,PetaIs for Armor
2683,Shin Chin
2684,Henray
2685,T P zs
2686,plez
2687,Hot eBoy Xerath
2688,WayneDwops
2689,folkIore 
2690,CateCoin TO MOON
2691,BIue Skies
2692,Noctal
2693,For The Republic
2694,charity
2695,Thriven
2696,  iClown
2697,emiwy
2698,Love You Forever
2699,Jayms
2700,say u Iove me
2701,IonQ
2702,Betrayal Stings
2703,DontBanYasuoPlz
2704,Do U Remember
2705,Swordblue
2706,Yoma
2707,mushyboom
2708,coblsobr
2709,Dobbymon
2710,SkyFkerZhao
2711,Meiii
2712,jhin worst champ
2713,Itstheafternooon
2714,CuddleSnuffles
2715,Texas
2716,endermaniac
2717,yorick y amigos
2718,Fokku
2719,ONLY JG MATTERS
2720,xHypoxia
2721,DeOnlyVirus
2722,insanity
2723,wink
2724,Deng It 
2725,Letttuce
2726,BE Han Jae
2727,Love Is Lies
2728,Wincy
2729,Wx m12673490
2730,jamol junior
2731,KTiny
2732,Skippy Shadow
2733,C9 Chad Draven
2734,DoYouLikeHotPot
2735,BestRivenSiChuan
2736,Qs ZzZ001
2737,Drifting Chocobo
2738,cliftonbeefy
2739,swooshy
2740,Senimoisisu
2741,DrCalculus
2742,JOEMAMAMAD
2743,ServiceStorm
2744,Akaipo
2745,SpazzAD
2746,JIA WEI XIN MA
2747,harder please
2748,Fifika333
2749,SharinganKakashi
2750,Trixter9
2751,HabibiCaptFair
2752,pixxxx
2753,XO 1017
2754,deep suppression
2755,BNsStYlee
2756,iSkaarly
2757,Qiu Qiu QaQ
2758,luedeo
2759,Yinaisha
2760,Kaesura
2761,I Am Bald
2762,Likable
2763,Aspect1
2764,Orcharian SUP
2765,123211231231231
2766,Blacc Massu
2767,An Angry Cupcake
2768,Dregonaut
2769,Warbil
2770,galaxyxuan
2771,Shi zi gou
2772,LegitKorea
2773,RainyCloudyDay
2774,emouo
2775,The perspiration
2776,illest rice boy
2777,Tornelos
2778,Indig0
2779,SlayerPlayer
2780,I am not Lemon
2781,SOLO QQQQQQ
2782,checca
2783,Laweshiry
2784,Peach 0olong
2785,Heavens Karma
2786,Fauntleroy
2787,zzzzzzzzz yes
2788,GravesWen
2789,Mystery Bunny
2790,PYKE ENTHUSlAST
2791,Shun Chun
2792,WoodofEphraim
2793,Skittles2
2794,BerserkerBV
2795,Ianse
2796,Elzeir2000
2797,penq
2798,yogurt fan
2799,Plizak 1
2800,Yung Mung
2801,Putilt
2802,PsycheGlitch
2803,Aselynn
2804,twinkerbelle
2805,insanityxd
2806,hanIu
2807,Seolyn
2808,ccjim
2809,Adr316
2810,Javeen
2811,  A Frozen Titan
2812,Qitong
2813,Christopher1
2814,Newk
2815,pink uniform
2816,DanDanQAQ
2817,xradtiwentx
2818,get milked69
2819,Colazzz
2820,Iove u
2821,The Tank Man
2822,The Crazy Goose
2823,2hot2trott
2824,Dong ha
2825,Alura x
2826,Ainyy
2827,MelonEasy3
2828,01 26 04
2829,Daimiko
2830,Main Sup
2831,Leoto
2832,miemiemie
2833,C9 Lizard
2834,ikigai
2835,Phoenix Fly
2836,GaiNai
2837,splatsss
2838,Skylinee
2839,233OwO
2840,hi im fam
2841,QGhappy Cat
2842,Extorted 
2843,Michael Johndan
2844,john nguyen suck
2845,gutguy10
2846,melke
2847,Dzukill but bad
2848,ISU Nausicaa
2849,Xing ge ru ci
2850,Twillie
2851,Ballion
2852,Wdym
2853,Boy Wonder
2854,Airrennnn
2855,idts
2856,dont gank i tilt
2857,Kozen
2858,Lin Yoga
2859,Scourging
2860,Roewland
2861,herself
2862,Options
2863,Gravebloom
2864,CY Blood
2865,starfire
2866,ah xibal
2867,Routier
2868,Srkenji
2869,King Nae
2870,Freefalling
2871,Jeyshe
2872,coppersan
2873,hankster2002
2874,WhiteFang3003
2875,VX Najuehuo
2876,midbeast sub
2877,Rahl the Croaker
2878,TAMU Arek
2879,Fazze
2880,031216
2881,Beangate
2882,Ru1er
2883,I Dream LCK
2884,CheeseLeaguer
2885,VI IX XII III
2886,Happyal
2887,UZ Captain
2888,Calysta
2889,Aval0n
2890,IWILLMAKEIT2
2891,TempestLoveYuely
2892,Django Reformed
2893,123ma5turbate321
2894,Kshuna
2895,Lyteskin
2896,Minishcap1
2897,Blazze
2898,Fruit pudding
2899,Herbert Gudo
2900,PieckPerformance
2901,Kwonz0
2902,Frei4
2903,big dacko
2904,rainble
2905,sucko
2906,Cenevinnon
2907,sanuki udon
2908,s LessThanThree
2909,DrDolelicious
2910,Sacrifice1
2911,Voy a Divertirme
2912,ZombieFro
2913,Sp4rtan
2914,NCSWIC
2915,Chanban
2916,sparklol
2917,Dorjan
2918,Rhaastafarian
2919,kYvBblythe
2920,L9KILLINGMACHINE
2921,Kato Lee
2922,jjkinggg
2923,BunFuu
2924,Aiden Yasuo
2925,Summoner Pokinee
2926,Doubt Me
2927,Hu Jiao Xiao Yao
2928,DeadlyTwitches
2929,WW1
2930,miemie baby
2931,Sayhoon
2932,Sir R3ndr
2933,Pros
2934,mumu cat
2935,Stringer BeII
2936,Skum
2937,pucciness
2938,wan an mao
2939,Defstruction
2940,isKOPPEN
2941,k0la
2942,Emps
2943,Edel
2944,rovex4
2945,GRIZZLEY
2946,Diomarr
2947,VioletRoses
2948,Koreanism
2949,Litemeup
2950,Ameliorate
2951,GO0B
2952,Korobasne
2953,Abort Lulu Mains
2954,Dinkey
2955,ayru
2956,Rescue Kat
2957,Snowball Barrage
2958,MechanicalReapr
2959,Stevens FanEgirl
2960,Arfreezy
2961,Shlick Widit
2962,Lyfedone
2963,Peeling Machine
2964,Piqueos
2965,Low Altitude
2966,Jaze
2967,ellie999
2968,FZ3R0
2969,Trollingtime
2970,Trieuly
2971,Davemon
2972,Critas
2973,Vortekxy
2974,DHotA
2975,TUNACADO
2976,love kha zix car
2977,Joyuming1
2978,neeko sex king
2979,Oltan
2980,Heecher
2981,Dadumdum
2982,I Love Chara
2983,Constantine
2984,hurtzdonutz
2985,Kat has Evolved
2986,GWB420XR
2987,DiO BRAND0N
2988,4inch is average
2989,Torpy
2990,EDM Phantom
2991,GoodNight lrelia
2992,DrewDozer
2993,Pboy But Master
2994,Them
2995,YELO
2996,Burento
2997,Kayokio Red
2998,Chovy Dopa Faker
2999,WINDMILLMAN22222
3000,Yeetus Deletus
3001,The ICEFlowa
3002,bronze garen
3003,Very Delicious
3004,saintOswald
3005,GoodNight Husky 
3006,Yunwinter
3007,benadams202
3008,Darvec
3009,AUXILIARY kING
3010,rkolde
3011,fady
3012,MaleficTruth
3013,Bacon Squad
3014,Raynarz
3015,Genryuu Kaiko
3016,Cruush
3017,Last Hit
3018,Gganbu 001 
3019,ttvMuteStellar
3020,rebOOter2
3021,Milcery
3022,U issa my love
3023,Kaiwing1
3024,Circlet
3025,TailsJJ
3026,Lagopotamus
3027,Windbreaker Wine
3028,Ramy Horvath
3029,TomDiana
3030,Nimdle
3031,OSU BluE
3032,dannybutterfly
3033,C9 Copy
3034,Shimy u
3035,Muwa
3036,loving her
3037,vndy
3038,Naisao
3039,cringe
3040,Chaeha
3041,Ryu Min seok
3042,MySuperHeroScout
3043,FIick
3044,foosmileforme
3045,Movement
3046,BallisticPengu
3047,VoidOwl
3048,Ahright
3049,Reeeeeevennngeee
3050,raheen1
3051,Dark Matter
3052,oogaboogaeatrock
3053,Chaos Return
3054,winloss fun
3055,Ethanviper2000
3056,Mimage
3057,xUsIcHerman
3058,Smel her Perfume
3059,JackySan
3060,Mr Comet
3061,Kimrin
3062,Dvein In
3063,Keeetchie
3064,koog
3065,dunksquad102
3066,zhong guo
3067,Flying Cow
3068,BadLaner123
3069,beatvevery
3070,97KR
3071,DORARARARARARARA
3072,Eyla
3073,Khway
3074,Khepi
3075,No CounterFIay
3076,Cant but I will
3077,LolGunSlinger
3078,lG Roookie
3079,Quante
3080,Arcanghul
3081,F0D
3082,Hot Ruffles5
3083,MICYolo
3084,opqwid
3085,SandvichTF2
3086,bjxvz
3087,Yura1
3088,Sanom
3089,LlamaDemon
3090,hpgamer7
3091,Dinka
3092,Muslim Salesman
3093,Jam Jim
3094,Geiger
3095,Black Magnolia
3096,iegg
3097,Tutorially
3098,Kingdomed
3099,Viet Conq Heimer
3100,Forever Winter
3101,sKILLSHOTz FIRED
3102,Topopotamus
3103,Papi Dravie
3104,Satellite Flight
3105,Hudsenn
3106,Nicryhaha
3107,ACE Ezreal
3108,Mughees
3109,Jasonmankkl
3110,boochem
3111,Albozz
3112,GianLTC
3113,satoCHINO
3114,ExtremelyCurious
3115,FosterCity
3116,beefy schlong
3117,Midorima
3118,ADC I ONLY PLAY
3119,Mongolia Yuuji
3120,toweroftoast
3121,OC Yuune
3122,Eamran
3123,CoreTienZ
3124,Dango Baby
3125,FailCow
3126,Blitz and Crank
3127,Tommy Fkn Shelby
3128,TaintedDucky
3129,BG1
3130,is this hell
3131,LoL BeastMan
3132,rain take you
3133,Better Top
3134,Iost cherry
3135,Womps
3136,ShowMaker
3137,MaplestoryGMS
3138,Fierykev
3139,xiatoub
3140,Ethern
3141,OSU ONLY
3142,Kittencannon 420
3143,diamond one day
3144,DUHBESTKILLER
3145,Dragowski
3146,Kindergarten
3147,Pour toujours
3148,AnHuiNO1ShenQing
3149,SpikSpakSpok
3150,boy kitten
3151,Dark Wingdom
3152,maxmg1187
3153,BeachertUc
3154,Gandhi G
3155,I Shadow I
3156,vvbb
3157,Poopy Mobile
3158,ScaryJerry
3159,Creammmmmmmmmmm
3160,temp10182899
3161,LastDanceDF
3162,YoojungHukiriLee
3163,Alyri OnlyFans
3164,Katar
3165,08 24 1998
3166,carrepairshop566
3167,Eric Wei
3168,Read John 3 16 
3169,03 10 06 04
3170,www JZVapes com
3171,1ris
3172,Bassel
3173,RoyalAone
3174,Vikala
3175,spikekiller
3176,DrunkWalker
3177,Fifth Roundtable
3178,chiv
3179,Came
3180,O My Money
3181,Nyzsum
3182,Topablo0
3183,Soulrush
3184,Szochs
3185,illumynx
3186,Sonjaeju
3187,UrsaBear
3188,I love u Arantxa
3189,xinyuebaobel
3190,stuntopolis
3191,LastIy
3192,XcOuNtEr sTr1kE
3193,Kiss Me Slow
3194,Pinwinasio
3195,Beeklonk
3196,Inoriboobed 1v9
3197,Nathan Ryan
3198,Orphan Poro
3199,gorilla emojis
3200,fXfEIvan
3201,VERY BAD WORD
3202,uci pro
3203,Sepeku AW
3204,SamueI Kim 
3205,im risk
3206,Dotix
3207,EU Red
3208,Dreamin
3209,Scanning
3210,Horo with Spice
3211,canipi
3212,Trashtruh
3213,Mr Bluehat
3214,love2
3215,Jiltu
3216,Riot LDTea
3217,BoilThe0il
3218,tempkezysgqpzsqv
3219,MozIy
3220,Seranok
3221,Lost Boy
3222,DEEE DOOOOSE
3223,Togru
3224,Wavy Brain
3225,Nolly D
3226,KaliGod
3227,lsles
3228,Bunguy
3229,On Roses
3230,support is hard1
3231,Le Gom
3232,Many
3233,Anselmo
3234,KoolGus
3235,gerkahn1
3236,I am BIG BRAIN
3237,7ach
3238,Boosinger
3239,Xue Ren Er
3240,TLC Lightrocket
3241,Samila
3242,The Sunrise
3243,TwitchingSandman
3244,LaxSavedMe
3245,Oeneii
3246,yfinmO
3247,yasmine
3248,dabgames
3249,MagsLuvShanks
3250,Tora
3251,DieCryLaugh
3252,Enemy Kat
3253,ceyyr
3254,shut down league
3255,Table Salt
3256,Ai love Bear
3257,Unako
3258,Kvothe The Brave
3259,cnug15
3260,x9 Me After Game
3261,L Bae
3262,LlL TOP
3263,Keel7
3264,ALHM 39
3265,Kaminogi Soryu
3266,Arik
3267,boleychuk
3268,Vambient
3269,H3ckt1k
3270,Eighty Six
3271,Wishuwerehere2
3272,Emended
3273,SoundCandy
3274,Sheiden9
3275,mark yetter low 
3276,sPyke it up
3277,Standby
3278,Flea Pain
3279,Kophi
3280,duong pro
3281,Mian
3282,Teemo NA
3283,Spacemarine18
3284,Dongeritis
3285,BigPope
3286,Vurnerby
3287,Troubleshooting
3288,Speedo
3289,Ivan Pavlov
3290,airawn to chall
3291,Bomb Happy
3292,Toxititty
3293,ChinaEDGNumber1
3294,Yue
3295,Cynestro
3296,Lancrize 
3297,Marcus Falafel
3298,Jloon
3299,bitsu
3300,Zamudo
3301,Twodog
3302,ThatOneGamer
3303,untouchable w0lf
3304,The Finest One
3305,EIated
3306,Luv Dark
3307,Kouumoto
3308,Finkypop
3309,Dandelion YIan
3310,BE Bodast
3311,Maddy
3312,LNG Tarzan Fan
3313,Burnie IV
3314,Borb
3315,farm
3316,Have Big Ice
3317,100 Young
3318,Aerolixx
3319,Dear Vista
3320,Carrot
3321,iloveshamwow
3322,Jimpai
3323,TeeDough
3324,LegendaryLaser
3325,pwdlvx kwxxdxrz
3326,Nunu Main
3327,Qube
3328,shaneylove
3329,YouTube Magi Fas
3330,Ogawa
3331,peewee1
3332,ohh
3333,xiaolaobanfans
3334,Zeyzal69
3335,not demons
3336,foreverjosh
3337,ChocolateBun
3338,fr33sty13
3339,I Must Toxic
3340,JaceMC
3341,Phushimi
3342,Vitalize
3343,Ramen Bear
3344,KaldoLIVE
3345,bnuy
3346,Baby Pandah
3347,LL Stylish
3348,2oon
3349,MeNoHaxor
3350,DWG Daguri
3351,lerd rat dead
3352,Snowy Steps
3353,douyu Badzz
3354,184 166 217
3355,lazy zzz
3356,T a w a c h i
3357,does not hit
3358,jiudaozheliba
3359,X 7w0
3360,ROCK CANNIBAL
3361,Guts
3362,VanessaBelieves
3363,TES JackeyLove 8
3364,RdySettgo
3365,vickixiaobaobe1
3366,Hemah
3367,gumbee of power
3368,PDA YEE2RT
3369,Swoh
3370,JusSn
3371,Soloq Lottery
3372,ROCKER OF WORLDS
3373,ExecuteCNPlayers
3374,Lord Kuzko 
3375,Netflix and ZiI
3376,Hiroki Dan
3377,Kral Bykrhn
3378,Zephyrqt
3379,Dao Cao Ren
3380,Yura Hatsuki
3381,go afk i 1v5
3382,China IS UR DAd
3383,PlumWaffle
3384,Huntervault
3385,Quantum
3386,Sebi
3387,LB Yun
3388,Rocktank10
3389,xiaoyuebing1
3390,Bouillon
3391,hao yun lai
3392,Dodge my Lantern
3393,LPL Mid
3394,NACZZ
3395,Alyrezec
3396,Vayne 0nlyFans
3397,BE LEAN
3398,no one but me
3399,fiufiu
3400,Skreptzor
3401,WAYOLACRAYONS
3402,nemzje
3403,Airren
3404,I is UZI
3405,Gunshark
3406,SunnehBoi
3407,unloving you
3408,Yna
3409,Mower
3410,Yuriyumilol
3411,God Sai
3412,Bzhang
3413,Sarin
3414,LifeWater
3415,Avinia
3416,Joeykarate
3417,tilamisus
3418,cooplew14
3419,NEVERSATISFIED3
3420,o r
3421,CYD NGU
3422,Dwye
3423,Haruka Bae
3424,Fafn1r
3425,Vuckae
3426,Wofye
3427,MieeMieeMiee
3428,dunksquad101
3429,Defect
3430,Valantis
3431,Sasiki
3432,Plutx1
3433,CherrypOaA
3434,nicosoccer11
3435,SeaCarry
3436,Enemies
3437,Majest
3438,nhozcrazy78
3439,Flaynndappy
3440,WCD Coming
3441,Kill1ingGod
3442,waste it on mekk
3443,Sammy Winchester
3444,Tavolicious
3445,love must remain
3446,Swinging Akshan
3447,idk idc
3448,Nuketown 2020
3449,2sky
3450,UberSorcerer
3451,Twitch ShisenNA
3452,Threesicksty
3453,Blamed One
3454,SavorWolf
3455,Arctic Myths
3456,TEAMLUKEE
3457,zlz plz win 
3458,love1
3459,PatPatKittyKat
3460,lay z boi 
3461,WorldConquer
3462,Markvoops
3463,I am Antisocial
3464,FLOWER HOUSE
3465,Ontario Steve
3466,Geriatric Canyon
3467,LI Funny BuBuu
3468,Scuz Rat
3469,waste it on me
3470,soojin puppy
3471,warcyclone
3472,Pure Kawaii
3473,chefboyrdeeznuts
3474,Profession
3475,ALXNDER
3476,YaBoyAnthony
3477,Neq
3478,da xi gua
3479,twtvDoglightning
3480,monk3yy
3481,Justable
3482,Neurodes
3483,Schwi
3484,Sona
3485,Alcover
3486,TheJonasBrothers
3487,EQon222
3488,Bing ZZZ
3489,Never Casual
3490,Kongzhi
3491,1008
3492,zxcvcvzxczqwe
3493,Bloody Mess
3494,L l L l A N
3495,Grazgri
3496,ssdgkjhkjfghiu
3497,Bananaaa
3498,delivery girl
3499,Hedonisten1
3500,  Yazawa N1co
3501,HJM
3502,Nickichs Feet
3503,MoiraHearst
3504,Moonbb
3505,PlainPurplePanda
3506,NNP
3507,Memory Core 
3508,aethis
3509,IGetTheSauce
3510,Stev3nM
3511,134666
3512,broken melody
3513,Beauty
3514,Inoriboob
3515,Everglowing
3516,GankedBy Bush
3517,YungPotato420
3518,AstroPepper
3519,Mfe1
3520,asianknight
3521,Hi Im Stewie
3522,adlk525
3523,Tiaras
3524,FluffySoxOfDoom
3525,Stygian Terror
3526,Laserholic 2
3527,enchant3r
3528,twtv itakute
3529,Baby Kun
3530,DanasaurLoL
3531,Cow Horse Boi
3532,Chromatix
3533,Solarbacca
3534,Hoang Tu Nho
3535,Jacky Qiong
3536,Flouffe
3537,ShadowYosejus
3538,NYC CPDD
3539,Vietnamese Pho
3540,Young DN
3541,Healys
3542,Blue VioIet
3543,Chu Bu ke Ji
3544,All Legends Die
3545,ILT Hama
3546,pingmeitakecs
3547,HAO88
3548,Bu Sheng Qi
3549,Rezide1
3550,Professor Nugg
3551,Kuderic
3552,Azwabat
3553,Bro IPingU
3554,Ahwii
3555,Wolzie
3556,Shu Hui
3557,duoqueen1
3558,Berik
3559,Ban Ju Wan An
3560,Mun
3561,zzlz2
3562,Dochee
3563,yukino cat
3564,Justinian I
3565,hi nikky
3566,rishloo
3567,Pseudo
3568,Nine
3569,Melyn
3570,Fated Temper
3571,Flornce
3572,Super Big Ego
3573,Young Hentai
3574, tomoe0915
3575,ESG Marlboro
3576,if I die young
3577,rovex7
3578,Jome
3579,eL eL TRIGGER
3580,HotGuy6Pack
3581,LFT Zelt
3582,K9 Scruffey
3583,PwG Jumper
3584,cL Jayee
3585,eBF
3586,Yeet Yonderson
3587,Lay Vong
3588,Sokiu
3589,Heart Knight 
3590,Busio JNG
3591,Competition9
3592,Infextionz
3593,sahori
3594,Dreamday
3595,Your Darius
3596,Selkie
3597,SparkleBrowniez
3598,rovex3
3599,True Ecstasy
3600,ooozz
3601,Boochao
3602,Lynne
3603,Ashita
3604,skatez
3605,Omly
3606,iamxxtif
3607,cAfMay
3608,NoobSquid
3609,Technique
3610,HULKSMASH1337
3611,Asmenor
3612,mid is sup gap
3613,rax
3614,BagoPoop
3615,iPav
3616,IcathianVoidd
3617,Kurose27
3618,Rugaru
3619,draco end of szn
3620,praguepapa
3621,Thanos
3622,the antlers
3623,spaggheit stigs
3624,under ur spell
3625,Deenie
3626,Y1hong
3627,ControlMageEGirl
3628,Sickoscott
3629,Spiralclawz
3630,Sinnyboo420
3631,tried again
3632,Salvage
3633,Bigniaoboy
3634,RYCEL
3635,THOTDESTROYA9000
3636,Stride
3637,Hans an Franz
3638,Quachdaddy
3639,RiverKatarina
3640,Marythyn
3641,ElitexLatino
3642,Nightmisty
3643,TURBOGRIEFER99
3644,Tango
3645,Zyko
3646,jchan3580
3647,align my chakras
3648,YodaIsBroda
3649,EDG JieJie Fan 
3650,stratplayer
3651,NG VO TUAN DAT
3652,Emilia
3653,Jokou
3654,Lateeasywin
3655,lululululuo
3656,SandPaperX
3657,anmin9nb
3658,missedout
3659,hi im ming2
3660,Yonsi
3661,TwTv BTangLoL
3662,Midd Please
3663,duoking1
3664,MEVTR 
3665,Letarking
3666,Lokidosi
3667,Sonic
3668,    Tong Tong ya
3669,UZI still alive
3670,AMENDER
3671,kimjo
3672,BigBoyKyleLowry7
3673,TopMattersXD
3674,2004 Lexus GX470
3675,AyzYezz
3676,lerd ZERO
3677,SnowWhite44
3678,Djalal
3679,NecroKasier
3680,I Have PTSD
3681,Wolfskullrider
3682,dellzor
3683,oKyler1
3684,rege
3685,Setije
3686,Pian Ai
3687,just bee better
3688,WashableTac0
3689,YouShouIdKnowMe
3690,Forget about Me
3691,Chao ren zhen
3692,addestramento
3693,Thundersad McGee
3694,iQT
3695,DeadIy
3696,SHERN
3697,MoeTube
3698,Biker Man 420
3699,Kurulean
3700,Suna Shogun Sama
3701,OpenBackpack
3702,BOBtimers Kitten
3703,Xx ZEDGOD69 xX
3704,ynj
3705,Gynnie
3706,Rosebud Jr
3707,Max0
3708,liao lingxin 1
3709,King Veer
3710,Paige
3711,Exclusive Thot
3712,xExplosive
3713,xiaofeiya
3714,Itsagoodshot
3715,Mental Gapped
3716,Shimmer
3717,Classiq
3718,ICUKAT
3719,YourBoyHans xD
3720,Chicken LittIe
3721,Mixtoour
3722,NoOneHadThisName
3723,Where is Osama
3724,tahe bear
3725,Jay Kim
3726,Kindred JungIe
3727,DanieI Bae
3728,KryRa2
3729,MrJimmyOG SnipeU
3730,DimDot
3731,yasshak
3732, Ceros Fan
3733,Zaion
3734,Tontefabil
3735,meduselol
3736,SpazzJG
3737,Krustyy
3738,Hook King
3739,UmassZhuimeng
3740,Tempos
3741,Zakn7
3742,moordenaar
3743,Ziz
3744,Insaneblast
3745,Kindred Doom Bot
3746,Poptarts
3747,Crusher9654
3748,JaySea
3749,skydudu
3750,TL Yeon
3751,single kitten 
3752,FocusTIME
3753,GEM TrueLovePink
3754,zzoe
3755,SIKDot
3756,Tuna Trajectory
3757,xusty
3758,Xehru
3759,douyutv the bug
3760,kkgbyn
3761,Vase Admirer
3762,Allllllllllen
3763,BIG CHUNGUS BIG
3764,TheHumanFaith
3765,CantPredicStupid
3766,Shorthop
3767,Antcliff
3768,blinding lights
3769,zhong guo5
3770,hen1
3771,Awaker Allan
3772,Soju
3773,10026969
3774,quantumfan
3775,FobAsian
3776,12ad
3777,helianwu
3778,ArticXII
3779,Cozy Shroud
3780,1Maxim
3781,asiangeo
3782,bakeryboy
3783,electricSANDWICH
3784,see you s11
3785,CjSphinx
3786,itachifan2006
3787,Cavele
3788,Jonathan LuL
3789,QQlove Prince
3790,Clarrisa
3791,PromPtSluG
3792,DukeTed
3793,Anya Knees
3794,Yi Kuai Shao Rou
3795,RoyaI Air
3796,Ionia
3797,dog2
3798,Sean Hwang
3799,wonderboyzc
3800,Wt AreYall Doing
3801,Cpt Goofy
3802,SEU Kip
3803,Hexsise
3804,Logia
3805,ID ToT
3806,Korac
3807,DVO19
3808,Armored Mawdad
3809,Ruck Fice
3810,About Me
3811,Misha Eats Ass
3812,Murder Mysteries
3813,lil tjay sb
3814,Trapanese Ramen
3815,Xz4
3816,Innominat
3817,ADC ShallowDream
3818,Funeste
3819,sad brown boy
3820,Rosary
3821,ToastyAlex
3822,Sanchovies
3823,eqflashaeqr 
3824,Botin 2
3825,Soldr
3826,dioxide1
3827,lifes a struggle
3828,iFearless
3829,AlphaChadJungle
3830,guelph lifestyle
3831,MINECRAFT123
3832,ttv Viceera
3833,Kallliii
3834,IlllllIIllIIIlll
3835,Dualian
3836,slogan1
3837,HEXmyst3
3838,SentientAI
3839,SPUTIDNAPG
3840,Kastelhn
3841,HOGRIDER99
3842,Corpse Draven
3843,Spaceglider
3844,Randu
3845,Worldhomicide
3846,yumichi
3847,Sheiden2
3848,Mammamia
3849,Yega
3850,Arsh
3851,JGung
3852,Pretty Sexy
3853,Sword2
3854,J0nii
3855,KatanaFish
3856,Mai
3857,Obama Mains Zed
3858,Retired Hexyn
3859,Andoqs
3860,Tronicx
3861,yipeeyahooyahaa
3862,BBlaves
3863,zeroz
3864,ONFAITJUSTEWIN69
3865,MOB SIAB 
3866,Angelic 6
3867,BobChuckyJoe
3868,LittIe PP
3869,MEMEGIRL18
3870,izuyui
3871,Pugsyxd
3872,Oyameren
3873,Icepickel21
3874,SpikyBuffalo
3875,PATH TOP AND MID
3876,JHEKW
3877,PCL
3878,Jeanne dArc
3879,SYG Dian Dian
3880,llBrightll
3881,Wekin Poof
3882,learning brain
3883,diopa
3884,BCR x RAM
3885,Aldorroth
3886,Circus
3887,Kao yu Henhaochi
3888,MushroomSteak
3889,BulletSafety
3890,LUK1 Sup
3891,LNZ na
3892,CuIl
3893,Lillia Hoof Pics
3894,Enyvione
3895,Inexhaustive
3896,ElBetosky
3897,You Need A Map
3898,CaitUltsJFK
3899,1nori
3900,SRLegacy
3901,Amalgadon
3902,AlbionOnlinePro
3903,SUP Zuko
3904,Kareem100
3905,SHANSHAN33hubby
3906,Ayukura
3907,lIIIIIlIII
3908,Jung KP
3909,1O6
3910,nqvjv
3911,Jabbadahutsnuts
3912,TL Shadow
3913,HaiShiFenKai QAQ
3914,xzyzy
3915,Mitsu
3916,last dance5
3917,Blood Vas
3918,bruhmomenttttttt
3919,Daddy VIaddy
3920,happyheart
3921,xx666
3922,L9 ZIGZAG
3923,i dont like top
3924,Anchor
3925,StyIez
3926,SirValkyrie
3927,antownknee
3928,JAX KING
3929,Nero Demonte
3930,Fonty
3931,Xonas
3932,antgameplayer
3933,iybc9o2 q
3934,Peng Yu Yan 1
3935,the crangler
3936,RNG Player
3937,MoonClo
3938,         Orianna
3939,evileyes
3940,Reach5
3941,Murano
3942,Icelandic Zyzz
3943,Arrogant
3944,yeoun2
3945,MoistNCrisp
3946,DropKickRecords
3947,CaiShiYuanZuiQAQ
3948,Cooites
3949,for sky
3950,Active Timmo
3951,ElNain
3952,alandude1234
3953,Pomeroy
3954,ruo dian
3955,RDA
3956,malo melo milo
3957,LittleChimp
3958,The Best Sett
3959,EvilWeave
3960,Claw
3961,belowzero
3962,wx NAtongtiandai
3963,Ryswick
3964,Gua Ren
3965,Tentakai
3966,Blink1001
3967,JamaicanMeAngry
3968,Mudkip71
3969,csx queen
3970,CeciliasMine
3971,Psycho Wand
3972,Tickle My Nuts
3973,ffelix
3974,JerrySheep
3975,healing fountain
3976,Aschallon
3977,zhong lu dui ju
3978,02 16 2017
3979,Mystronamy
3980,Evolves
3981,luxnyx
3982,tamakii
3983,Mercurial
3984,Weakside Win Con
3985,Lafran
3986,Friendly
3987,Korean Gukbbong
3988,Anti Bear
3989,Artist Slice
3990,Love lnn
3991,Maya Angelou
3992,She Pi Gua1
3993,ROOTMaSa
3994,Yi Du Zi Qi
3995,HelImet
3996,Miigs
3997,ttv penglolna
3998,Nube Negra
3999,DU 4 LQVE
4000,admirable potato
4001,Negativity
4002,SuffocatingGrasp
4003,bard kitten
4004,Izawa Shizue
4005,MEECHOL v9
4006,I am not trying
4007,Dopamine Tracker
4008,LOWKEYPARKOUR
4009,Molybdenum
4010,Alamander
4011,I am Guts
4012,duo bigfat
4013,Fed 9001
4014,a Cute Penguin
4015,Rahman Noodles
4016,Senpai Neko
4017,1ove Are
4018,Suvi
4019,Zethal
4020,Aiax
4021,Birmi
4022,meghanmarklefan1
4023,GUMAYUSl
4024,TheobaldxNk
4025,WooryHarzy15
4026,Of The Lethani
4027,100 Kenvi
4028,Actually Insane
4029,Cecil B Heimer
4030,A little Yuki
4031,7Z8
4032,Kealan
4033,Angel Reaper
4034,Litchi111
4035,yung rtz
4036,ChrisCheon
4037,The Conquest
4038,happens happens
4039,beo no fear
4040,Mommy Rodent
4041,New1Gold
4042,ZXONE
4043,uNgGwMHilary
4044,Subaru Natsuki
4045,Smiling Devil
4046,Bejjj
4047,Hypnagogic
4048,Momoku
4049,Retry
4050,YuJiusama
4051,Fluoride
4052,Infernodan
4053,ning hong ye
4054,Millennium Fox
4055,Reppy
4056,Your Ruru
4057,Shaminion
4058,Exiled Lance
4059,L maiL
4060,Darkz
4061,rjsdndgod
4062,Tang Xiao Yo
4063,Le July
4064,One Hit Your Zed
4065,bye im gosu
4066,CIean Kev 
4067,JUYOUSO
4068,Tachibana Marika
4069,Cupic
4070,Divorce
4071,Xiao Dong Gua
4072,Hot Ruffles2
4073,Carmite
4074,White Paper
4075,hlep
4076,Moist Smurf
4077,Le Sa1mon
4078,Natin
4079,slasher0358
4080,NOOB Fredy41OO
4081,Your Glory
4082,GitCat
4083,KoiFish17
4084,lluexiano
4085,IIIIlIIIIIlIIII
4086,sponsorless
4087,Le Sibosa
4088,Avers
4089,CryinginRain
4090,SHlTBUG
4091,DEAD STREAMER
4092,xiang ni kai xin
4093,lightrocket2
4094,Owen WiIson
4095,KnopyStung
4096,Demon of Hatred
4097,699 666
4098,Abedz
4099,TheSwingingSalt
4100,NYF5
4101,Denathor
4102,Taco
4103,wang bu liao ni
4104,FGNERF2010
4105,MyBabeGirlXuan
4106,SinapsisCRC
4107,Zativert Vi
4108,Bio Teacher
4109,MightyPug
4110,OO9527
4111,Only BIue
4112,LYA2021ADC
4113,Sundae Gukbap
4114,Jerryberry
4115,PoopSwag69
4116,ubao
4117,Js65ica
4118,kloft
4119,xReaperXMichaelx
4120,I onIy Top
4121,rem
4122,Fossil
4123,Fatez
4124,Wounds
4125,honerthename
4126,Kyvinn
4127,mr donbray
4128,Delights Garden
4129,YeYezhou
4130,v n
4131,JungleDiffCrazy
4132,Sebriiowo
4133,Sorasliver
4134,BOOM PA PA
4135,JinChoi
4136,Vypher
4137,198 is king
4138,Kaizer Morde
4139,celena
4140,SeckSi Bacon
4141,The best Steve
4142,Lying on Bed
4143,Fizzlezz
4144,seoks
4145,Prabhably
4146,KaranTheGreat
4147,SpicedKimchi
4148,Dizzydish
4149,relegatedd
4150,0 n a t
4151,makleven
4152,reAnchored
4153,Vincenttt
4154,allKindsofGainz
4155,Yeon ha
4156,Fnz Dunk
4157,Ex v9
4158,Cherry Gum LCL
4159,Rebarded Support
4160,Kyriu
4161,Qualification
4162,BenTbeyondrepair
4163,canucksfan233
4164,0asis
4165,hansha
4166,filipinoasianboy
4167,oxoxoxoxo
4168,JokinenNA
4169,Mipha
4170,By My Will
4171,zi bi zheng
4172,Fishcakess
4173,May it not be 
4174,Bimz
4175,Lil Hook
4176,NuzziG
4177,emit arorua
4178,SYG Fei Fei Zi
4179,Shienji
4180,Keusios
4181,TFBlade2
4182,d1dayewanbuliao
4183,DeadLee
4184,CrabAppleBoy
4185,FishIord
4186,SumtengWong
4187,Katsumi41
4188,MA The1337Troll
4189,CastleSmasher
4190,Annie Bot
4191,Six Eyes Gojo
4192,Cunning Fox
4193,Sticklad
4194,Playdark
4195,DarkDragon48
4196,NoPause
4197,Shower D0G
4198,EoE Yoshi
4199,fairy gay
4200,Joon Hyoung
4201,KingClueless
4202,Veramist
4203,Hammers Wrath
4204,8Lonewolfvy
4205,L9 6IX9lNE 69
4206,Cheekzr
4207,Pingpaddler
4208,purpleninja0
4209,Matcha Dog
4210,Ben Barre
4211,Jordanian Sniper
4212,call me kenfeiwu
4213,Varihime
4214,KiwiPancake
4215,SUPREMEGKMOIST
4216,Sweaty Intern
4217,Damian Ilpyo
4218,Collab
4219,Daddytella
4220,Sophism
4221,Ning Hai
4222,Slurps
4223,De57
4224,xX Humble Mid Xx
4225,233QAQ
4226,SSJ Goku
4227,Impaled
4228,Angels Demon
4229,hyperton
4230,e143a143
4231,soju mashija
4232,Winter
4233,reece
4234,WestLake Cu Fish
4235,choEolate
4236,Kings Finest
4237,002 016 00
4238,TEAMMGF LASKY
4239,Vakin
4240,Grandchild
4241,Mr Rattlebone
4242,NastyNidalee
4243,llIIIIIIII
4244,ZOELZM
4245,UwU OwO Rawr X3 
4246,Undefined Shot
4247,Packs
4248,From Iron
4249,gentle voice
4250,lgneous
4251,Sun Ken Rain
4252,Call Lin
4253,SayaJ
4254,Out Vayned U
4255,Tp Lord
4256,gaozi
4257,Earache
4258,Splorps
4259,Misused
4260,Li Bai
4261,Yaga Jones
4262,GG HERMANO1
4263,clown maker
4264,TUNNELVlSION
4265,La Chicken
4266,Vaxilz
4267,KiNG Nidhogg
4268,Shacolate Milk
4269,Absolute Angst
4270,EDG Dior
4271,Erased
4272,MaIthaeI
4273,livid adc
4274,BEN10 FAN 81
4275,Shirabii
4276,RD Dangle
4277,BeBePro
4278,Undead Falcons
4279,Hessi
4280,StrangIe
4281,MacandJuice
4282,Loopk
4283,Archvillain
4284,Cool Name
4285,Hello google
4286,prince zzz
4287,021006
4288,Nulnul
4289,PuertoJew
4290,Master Cojones
4291,Dignitate Xiuer
4292,Corgi the Pig
4293,troll acc 4
4294,Kitty Bai
4295,TWITCH GOD SCOUT
4296,BarzyLarz
4297,Piimpinator
4298,SplashOfDiamond
4299,Jungkook
4300,gumbee power
4301,Gnoah
4302,DaPointGuard
4303,koreafighting123
4304,AlexPie2
4305,Kill Pending
4306,jie jie yong li
4307,Zhangbailan
4308,DrunkyRacoon
4309,BigCaulk
4310,Raneki
4311,Kind Jungle
4312,TIMMYTURNERL9
4313,WoChaoShuaiDer
4314,RT 234502
4315,11 13 2005
4316,Meowri Isolated
4317,Cattligar
4318,Biscuit Crusader
4319,Virus
4320,arcane hamz
4321,Kite Lord
4322,Wine Cooler Mom
4323,Bread on a Stick
4324,Gay Conservative
4325,lifeizpain
4326,IFxxkedUrMama
4327,XXXHYPNOTICS
4328,Kenvi
4329,crab is gf
4330,a1zen
4331,Oppa I want Boba
4332,1orange
4333,HotEboyXerathTv
4334,1 Day As Simba
4335,EnFlayte
4336,TaeyeonSAMA
4337,eqeqeqeqeq
4338,I Reincarnated
4339,BeardedNapkin
4340,ERICSMOM12KAYEAR
4341,baby fish
4342,mumu
4343,no invade pls
4344,dfgtredfg4
4345,KoKoNwoo
4346,ttv IamAlson
4347,iStupid Femboy
4348,twtv Sepekuu
4349,elnmyq
4350,its time to lose
4351,Clean Kev
4352,Look At Jabulani
4353,Orchard
4354,alvinchangrocks
4355,Hi5
4356,Deadly Flourish
4357,Utopian Mindset
4358,STRONGSIDE HERO
4359,Qing Shu 
4360,zelooperz
4361,Curas Rose
4362,RobbyBob
4363,SevenTues
4364,TheFluffyOne
4365,Your Master
4366,chongxinkaishiba
4367,Feeding Vayne
4368,Boyru
4369,COSBYHASHEPSTEIN
4370,Cheeteh
4371,Theifz
4372,4rch
4373,TTV KoKooPuffs
4374,IWU Sharks
4375,Fauhst
4376,EmTeed
4377,Le Byul 
4378,Ashoyo
4379,GN Quack
4380,SoftReps
4381,Last Savant
4382,Niikaido
4383,CALIBUR X
4384,For Fricks Sake
4385,A Pantheon
4386,Vuo
4387,noctmeow1
4388,Hot Ruffles
4389,TFBlade4
4390,Gnutemil
4391,Sakura PaiPai
4392,vampire queen
4393,UknowMeh
4394,Shifo v9
4395,Cpt Minionnator
4396,sweetvictoree
4397,XII XXIV
4398,Qayu
4399,zYuutor
4400,ExcaliberPrime
4401,coldcoldcoldcold
4402,Victor Yawn
4403,Meowkai
4404,CarryingPB
4405,KingAone
4406,Ionian Tempest
4407,5 Guns 0 Brains
4408,bies
4409,UnIess
4410,Weed Panda
4411,ilemn
4412,Nantou no Asura
4413,Fanthom2
4414,lIllIIIllIlIlI
4415,mind is calm
4416,Hachimitsu
4417,hi im ming4
4418,NODREAM
4419,Cody Done
4420,Self Aware
4421,C9 Rime
4422,ME FARM NO MOVE
4423,Wave Control
4424,Saojan
4425,Yohei
4426,IIIllIlIlIllIlI
4427,noobplayerisme
4428,b sMooTh x 
4429,NirvanaIsGood
4430,Satucre
4431,MaskedZero
4432,jojopyun 16
4433,BigBoySR
4434,AsianSuperiority
4435,Roffamau2
4436,KkkkCcccPrty
4437,end credits
4438,Avinxx
4439,XTEARSTACKER69X
4440,Herson
4441,Hapre
4442,mine4diamonds123
4443,Beyond The Sea
4444,o93o
4445,wMbVA8EstJ
4446,Messages
4447,back
4448,scott joseph
4449,Big Fan
4450,splash2
4451,Danhiel
4452,Efram
4453,Tobacco Vanille
4454,Ethiridis
4455,XXI1011
4456,CondomPalESonyeo
4457,Danman96
4458,Titan Dweevil
4459,Kiting Baguette
4460,Maelstorm
4461,Aloneus
4462,lose
4463,sandy pandy
4464,egger
4465,Hawth
4466,Yubs
4467,wo shi chongtu
4468,Karhus
4469,Gunsi
4470,Boobitup
4471,losing point01
4472,ImsoFancy808
4473,tian yi nan wei
4474,LMAOROFLCOPTER20
4475,vincent nasty
4476,YangTuo QW
4477,yu pian
4478,Dunlop
4479,Captn Savior
4480,be small
4481,tenacityyy
4482,Roses and Dagger
4483,EQon111
4484,OSU Cyborg
4485,MoonJuices
4486,Marcarzhonie
4487,IS THAT FEEDABOI
4488,CR Sheherher
4489,YourGFIsMySide
4490,jjkinggg fanboy
4491,NA buxiangwanle
4492,evandabank
4493,Just Trust Gala8
4494,XYG Yuanze
4495,SloppyThirds
4496,sona soraka
4497,Thresh
4498,Endrit
4499,RoughBeanz
4500,H4xDefender
4501,Strompest Fan
4502,Injustable
4503,PepsiCola
4504,Gimmick
4505,ae29
4506,Dark Energy
4507,Rend Me A Spear
4508,Ryuga Quan
4509,SCHIZOID HYDRA
4510,HyperCarryGOD
4511,synchronetta
4512,NikoIas
4513,YaIdabaoth
4514,Hicallmespoon
4515,snowbuilder
4516,Talon Never Lie
4517,FlagNo1
4518,BlackRaven
4519, Sudzzi
4520,Chase
4521,baekho
4522,Bob100
4523,Dedef
4524,Celtie
4525,Wu Xing
4526,legands
4527,Yummibb8888
4528,k9coco
4529,ItsCondor
4530,Eternix
4531,GroovyGroovy
4532,blood barrage
4533,1998O6O2
4534,elo dad
4535,suffix
4536,MeisterBison
4537,Ordinn
4538,Cotena
4539,GrosGrag
4540,CRY NOW
4541,CIyde
4542,YoungFartBubbles
4543,Renfa
4544,rank1mandingo
4545,fightinfury
4546,ZYQ
4547,smooth1e
4548,ISO Corvus
4549,Feitan
4550,no one compares
4551,beephak
4552,Deng Budao Nile
4553,Joshu
4554,Basik
4555,ANTHONY EVELYNN
4556,Bonnuit
4557,FluffyDoom1
4558,wei xun
4559,Santorin
4560,100 Sniper 
4561,pinoot
4562,TrT Nen You Tiao
4563,ni hen nan yu
4564,McLovin5550
4565,Legacy
4566,VOID Snorlax
4567,WHY PP HARD 808
4568,Nishimiya Yuzuru
4569,Tony Cute
4570,Forever Glimpse 
4571,Kaseem
4572,Junnypoo
4573,HiRaiJin
4574,Raion23412
4575,GalaXyRoVer
4576,Teesum
4577,Leancuisine13
4578,IIIIlIIIIIIlIIl
4579,38th Parallel
4580,BLACK TWITCH
4581,EvanRL
4582,TwTv PickleVayne
4583,Doojeeboy
4584,fiercefighter213
4585,petitpois facher
4586,Birdies
4587,MASSGAINER44
4588,Lateef
4589,Kharude Zixstorm
4590,chasing dust
4591,Dua Lissa NYC
4592,Maulface
4593,Hikari Mori
4594,sheared
4595,Kang Sae Byeok1
4596,Huggsy
4597,Nzm
4598,Alcanic
4599,Wertuy
4600,Haru De Wanai
4601,bwypzb
4602,Jarabee
4603,MA Normology
4604,KEITHMCGRIEF
4605,happens lol haha
4606,xWisdom
4607,im still a meme
4608,Gobleeto
4609,MakeA hare of me
4610,Bluez x
4611,Jerky
4612,JustKalista
4613,ShorterACE
4614,Eliasey
4615,I Main Top Lane
4616,Doopliss2
4617,C9 Kyuki
4618,reformedrinnegan
4619,Minatozaki
4620,Sopachi
4621,Just1
4622,Koni
4623,Im ExeCUTE
4624,Shiphtur
4625,Kyomi
4626,Oded On Copium 
4627,Adventure Island
4628,feel empty
4629,Oreki Houtarou
4630,Woozer
4631,KOREA CURRY
4632,Im Big Lou
4633,Suntail
4634,ErikaMomotanii
4635,LB gotoe11
4636,Will Yuubee Mine
4637,Calm Antebellum
4638,Vark
4639,loldedication
4640,WrongHoleOniChan
4641,Why am l Bad
4642,Wxx REB20201
4643,1743
4644,Kevy C
4645,Windchill400
4646,Ph0enix56
4647,Amell
4648,TEDDY VIPER GUMA
4649,AoJune
4650,Convere
4651,TRWHZBZH
4652,dogfker5234121
4653,MintV
4654,G0RT1Z
4655,UwU Senshi
4656,Asqjfexj
4657,new begin1ng
4658,Murasaki Shikibu
4659,Gabyyz
4660,Shroomologist
4661,Haruka Inokuma
4662,Boxy
4663,bloody yandere
4664,Hopeless0ne
4665,Chao Ji Nan Nan
4666,so daydream
4667,happy game
4668,Zerokoolkcs
4669,Aboyuh
4670,WOairshot
4671,Your wedding
4672,Elle Me Dit
4673,Sanchovies Debit
4674,A Trifling Gnome
4675,DoraDream Dahei
4676,hxppythoughts
4677,BLESS EXPRESS 
4678,Phat Alado Bro
4679,is my dear
4680,WarnedJacka
4681,bsavvage
4682,scout 333
4683,AntiSun
4684,Funnymaker
4685,Midnight Wander
4686,insung
4687,YNO BLITZ
4688,Teacuppers
4689,TTV Zileanaire 
4690,TheAbsoluteZer00
4691,sponkninja
4692,At the end of Tt
4693,Phyxae
4694,Suddy
4695,Meszi
4696,lordgallegos
4697,Megami Eyla
4698,Daizzi
4699,ProLikeNub
4700,DaffyDuckk
4701,Lhulmari
4702,hotwheelskid2009
4703,AKM xFluke
4704,Perfect illusi0n
4705,Vultix
4706,DianDianQiaokeai
4707,Powered
4708,Y L
4709,FunkyB
4710,CubbyBubbyBear
4711,lin yun
4712,Hide on SoLo
4713,Chat not enabled
4714,Randie
4715,xFSN Saber
4716,Sushee
4717,Waifu
4718,Beesandra
4719,Stoicism
4720,OveRate
4721,paladineninja
4722,Zev
4723,kim yerin
4724,Crimson Shuriken
4725,WoShiAomimi
4726,Levitate
4727,aSilverDragon
4728,Nariman
4729,DAMIIMAD
4730,Burp
4731,Kacha
4732,hotdamjam
4733,dustaya
4734,Dark Paladin
4735,blessbotnotalone
4736,Eti the Unbroken
4737,Shieda Kayn
4738,Joggerss
4739,Captain Yuubee
4740,Little Bear Bear
4741,Shi Bard Inu
4742,ShoDesu
4743,Siekomode
4744,Cokinos 
4745,cya nerds
4746,complete harmony
4747,superfastmonkey
4748,Sorcerer Swkeeee
4749,Clean Combos
4750,Wogg
4751,bicycIe
4752,The MOnkey God
4753,Juheon
4754,loljanan
4755,Lauel
4756,120367
4757,o fafa o
4758,sink juice
4759,Ikuaya
4760,Outstep
4761,Kekeshi
4762,25 MEJAI STACKS
4763,DL forever
4764,firedragon33
4765,CookiesforSanta
4766,wangruiqi666
4767,Shupian
4768,PANDASANDA
4769,Poppys Hammer
4770,DouyuTV 14502
4771,Donahue
4772,thebilbygod
4773,DumbDumb Cow
4774,Lesbian Yi
4775,Clinique
4776,EBIC GAMER
4777,h0mura
4778,RaidBossRammus
4779,opao
4780,Lusol
4781,Rowpit
4782,TVimprovingisfun
4783,Duck Unnecessary
4784,Chip Tha Rippa
4785,TEAM FROM WISH
4786,Hi Im Somebody
4787,Yong Le
4788,Mentally Jolly
4789,cheng yiyi
4790,Chocomint lce
4791, Y K
4792,Pobelter
4793,Strova
4794,quq bunnie
4795,Lil Nate
4796,ALLMIGHTONLY
4797,Lark
4798,Affectwave
4799,LaDouleurExquise
4800,woolala
4801,Kyuuri One Thicc
4802,Timeless
4803,KnicNicks
4804,KyungFeel
4805,CapitaineMinou
4806,Asyc
4807,Just A Nub IRL
4808,nathan we miss u
4809,Lux
4810,TheHappyPainter
4811,l Love Mandu
4812,Spyy
4813,Jeanine
4814,hoidro
4815,1v9 Tigris
4816,Jolly the Wise
4817,Coolkids
4818,ur babe
4819,XXXLEO
4820,jui jui
4821,Jgoo
4822,Kruising
4823,KamiSang
4824,Beyond Salvation
4825,Foxlooo
4826,John Summit
4827,CloudNguyen
4828,lonely
4829,Logic Not Found
4830,Ablazeolive
4831,The Doll
4832,I NEED A GIRL F
4833,KryRa1
4834,Crit Or Miss
4835,joye
4836,Mdtiowe
4837,wff011
4838,Gmandlife
4839,RVelvetFan
4840,Ocalyst
4841,Regent11
4842,Kaneturro
4843,Gio Monster
4844,FalteringHope
4845,ImEric
4846,lv Cha
4847,FA Heartbreak
4848,BIossoms
4849,1st Keklel
4850,Sunbeh
4851,Rayker
4852,Mabud
4853,dTian
4854,K for Kimchi
4855,Dynamic Shaking
4856,P1J1
4857,Ordinary Days
4858,RoseThorn
4859,RiftMaMaHunter
4860,Zed King
4861,needsomehuman
4862,NIGHTMARE JG
4863,Up Quark
4864,Bunu
4865,deepbluesky
4866,L9 WX Jason Pham
4867,ZED KING BZZB
4868,dear sajed
4869,SunniDee
4870,LovelyKittyOwO
4871,Antoine1234567
4872,qing leng jing
4873,Amateur Player
4874,Bongoboar
4875,M0N51eur
4876,Oland
4877,Servant of Saber
4878,Syncrasy
4879,Aldnoah
4880,JohnnyCap
4881,enenra
4882,rocks908
4883,mute all be safe
4884,EngelbertEA
4885,Kaiso
4886,Triple L
4887,Graves Virgin
4888,Olux
4889,SalaSoQ
4890,lolSlater
4891,Binkx123
4892,Hui Dao Xia Tian
4893,JBL Speakers
4894,bard for u
4895,tempjtshcjycswkv
4896,Ribitey
4897,Cpt Underpants
4898,Exothy
4899,Ririka
4900,Samy Losechester
4901, DLG Sanni
4902,Suiclide
4903,gayligaygay
4904,Nerner KAT
4905,SkyTec
4906,UF yuwu
4907,My top Smells
4908,SSSean
4909,Aarc
4910,OutRushed
4911,TwTv MeoBeoPhi
4912,REMYBOYZ1738
4913,DJ Frosty
4914,raymondye123
4915,Cthulhu Reborn
4916,Wurtles
4917,Stone Mode
4918,TheRogueSentinel
4919,EvilToffee
4920,WX Code0103
4921,ptalp
4922,theskyyblue
4923,wannabe jungler
4924,Big WheeI
4925,SUPPORT lS WEAK
4926,SApanther410
4927,NO FLOCKIN
4928,Yogurt n Granola
4929,ExecutionerKen
4930,fmdbu
4931,c9crab zz
4932,BE EQon
4933,Irk Luigi
4934,Juke Jouster
4935,Fullscreened
4936,Alfaren
4937,Mistake Counter
4938,gumbee powder
4939,SHUAI CAR
4940,Fole
4941,Lol Toku
4942,Good Chime
4943,Korean AD Carry
4944,PlsBuffNeeko
4945,PRACT1CE
4946,Mercenary X
4947,GN Duck
4948,Fey Feathers
4949,RavencIaw
4950,graggy patty
4951,Ivories
4952,Plux LFT 
4953,TMoney
4954,Sona Minaj
4955,gxnyu
4956,Yang Myung
4957,i like mages top
4958,Mictest
4959,Ahwii X
4960,huddo
4961,NachoCloud
4962,LoLBayougrande
4963,Lost Kin
4964,DangleDeezNuts
4965,lanoisuled si an
4966,Field of Ruin
4967,Lemur
4968,zhe bu he li
4969,CIeanse
4970,Resh
4971,icee dancer
4972,ChvyFakrShowMakr
4973,2YE
4974,Jim Cantore
4975,stinkyfinger721
4976,Zihong
4977,Lua
4978,Sucio
4979,CVU Radar
4980,UR My Kryptonite
4981,Fiant
4982,Alpha Clav
4983,Rathma
4984,Dangerous Uncle
4985,boLa iwnI
4986,One Punch Zac
4987,DungeonDude
4988,LittIe hat
4989,mourns
4990,verite
4991,Cat1v9
4992,Khrispy Kreme
4993,spq
4994,bevee
4995,hanason1
4996,Zenekin
4997,RedSorbet
4998,call me zeddd
4999,gghfjdsbnnf
5000,Oardisti
5001,KillerUnit
5002,TTea
5003,paige
5004,randomnoob0123
5005,accountt
5006,Rank 1 Singed
5007,Jouzef
5008,Kiss Pineapple
5009,long time no she
5010,Kaleido
5011,MONSTER CHAD GOD
5012,Aleakath
5013,Alakay v2
5014,Pressure
5015,rovex2
5016,FishAreFriends
5017,dragxj
5018,miller68
5019,Bobby Big Plays
5020,Leona supp pls
5021,Jqckpot
5022,BPSN
5023,hv nara
5024,iite cool
5025,The Great Frog
5026,Derty
5027,pu xin dian feng
5028,Makoa
5029,Satoshi
5030,Eita lzumi
5031,AkiraSpeedRacer
5032,Animbot
5033,Not2Clean
5034,BetaTwinz
5035,Espir
5036,IlIlIIIlIlIlII
5037,Arkaynn
5038,Ego Elo
5039,Tometo
5040,I Feel Lucky
5041,ninjasinpractice
5042,Iin an
5043,VIone 
5044,00521 
5045,Brand Z
5046,Sahsook
5047,Steelguy
5048,Fadeawayyy
5049,zMotionz
5050,Retseled
5051,KingGeorgie
5052,Turc
5053,Special Kay
5054,Nox Stella
5055,ltbd78
5056,championeal
5057,Autruche
5058,Taxmo
5059,WaIlDashin
5060,Hide On Ambush
5061,ConTraiCungCuaMe
5062,PastIsJustAGhost
5063,einree
5064,Daption
5065,Solee
5066,Jaeger1
5067,Juice WrId
5068,Clowning Around
5069,Arys
5070,onlyzz
5071,Hub5
5072,Trieuloo
5073,Kaevian
5074,humzh
5075,Big Black Croc
5076,Pcae
5077,Bounty
5078,AviIio
5079,bobamilktea8
5080,Evil White Man
5081,112 ping
5082,KissFight
5083,dymon
5084,Kevin Aug
5085,AsteriskWaver
5086,xSprintx
5087,so wavy
5088,Last Darkling
5089,Strats
5090,THE CLlMB BACK
5091,goIdwolfer
5092,KeriaJr
5093,Crimsonating
5094,zzwyw
5095,I dont give a fk
5096,U K
5097,Dragonmini
5098,Call me Mk Zai
5099,AEightRocks
5100,BaoBao BoBo
5101,BUG Yellow
5102,yorizori
5103,Plizak
5104,Solaria
5105,SirZepre
5106,FeedTheCatfish
5107,SuperButtBlast
5108,WarlordRammus70
5109,1944 Dr Tran
5110,Bellow1
5111,Dang King
5112,Tsundahri
5113,Bye then
5114,Ginooo
5115,Detention
5116,SlayYourGame
5117,Paulie
5118,ur Uncle Sam
5119,Wackaroni
5120,SexFiendZiggs
5121,OH MY DOG 69
5122,ZED04
5123,VBO Gates
5124,Luig
5125,yan hua y1 leng
5126,78529
5127,L Escape
5128,futurimus
5129,qunianhuakai
5130,Pooorguy
5131,FakeChocolate
5132,ButterUnit
5133,Wuri
5134,hooligan on rift
5135,Very6uo
5136,Atingle
5137,glad tbh
5138,raze7
5139,Greco OP
5140,Le Kachu
5141,Nhavilay
5142,Hallal
5143,Shiba lnu
5144,Kind of 666
5145,CPZirb
5146,DPM
5147,Delicate Angel
5148,Funbari Onsen
5149,emiyaa
5150,AZUSAWA KOHANE
5151,Ainzalaz
5152,Kedeck
5153,BanditDani 0991
5154,not trophee
5155,Ape city
5156,DDOSS
5157,Gaboomer
5158,Plivet
5159,Blue Latios
5160,Peter Zezima
5161,Busty Beluga
5162,billy worth
5163,Trundle Top
5164,Fan Kun
5165,Nami is a man
5166,shy eboy uwu
5167,Princess Killer
5168,Letter 26
5169,Dragonmin
5170,DeadGemini
5171,dont pick yas
5172,SangMo
5173,Bombzilla
5174,Niko Teppei
5175,ToBeUrLuLuOnly
5176,Memorie Futuro
5177,iGankedYouMom
5178,SL Bullet
5179,IronTissue
5180,Yuki
5181,qwabgdwadnwa
5182,la la gua
5183,Marulllll
5184,Bungee Gum
5185,Wylly
5186,Hitman Reborn
5187,Vace
5188,American uziii
5189,GenjisLastBreath
5190,Jriggs
5191,Beryoon
5192,twenty20
5193,Leuk
5194,IllIllIlIIIIlIII
5195, Applied
5196,smallmarch
5197,bPhUAbbott
5198,Xingze
5199,Nonstopping
5200,Edgymemerguy69
5201,hi im superman
5202,MapleShade
5203,TurretTickler
5204,Cheeze
5205,Zoou
5206,Sinnamonday
5207,Nelo
5208,Walker Smith
5209,TheBroFist
5210,lamp lamp lamp
5211,Caspian 9 
5212,Lieutenant Piss
5213,G3sshoku
5214,IG TheShyt
5215,Jedin
5216,HBO7
5217,Why Lee Zee
5218,semiosis
5219,EIise King
5220,C9 eXyu
5221,SnowBunny OvO
5222,TheShyWukong
5223,Xin baby
5224,TSM FrostForest
5225,Omnix
5226,your cascade
5227,Onsen Tamago
5228,cyw
5229,ExB SKUSTA CLEE
5230,Mouten
5231,KazumaTanaka
5232,billyyyy
5233,Dewsu
5234,Mecha Kha
5235,PharmDRPh
5236,Xinyuan
5237,HamsterB0Y
5238,PinkChutney
5239,xVicentNAx
5240,Melancholy
5241,Zero no Tsukaima
5242,Shordom
5243,Dear Miss L
5244,Harambe
5245,Hi Im Vaiki
5246,Shes Super Tight
5247,Tacosrock
5248,Tiedemonster
5249,Contrail
5250,Slyther6
5251,love junaa
5252,Ninssasin
5253,bradleyyy
5254,StrangerToLife
5255,Mcgill College
5256,RBOMLDR
5257,Twisted Forest
5258,faelu
5259,Your Acoustic
5260,Eternal Amethyst
5261,JLand
5262,Outplay
5263,MEOWWW MEOW MEOW
5264,DorkLS
5265,KillerQueenYuumi
5266,uhh yeahh
5267,MrWindowSeat
5268,Innate
5269,VICGUO
5270,Stach
5271,Escorted
5272,Krerab
5273,Kirbey
5274,Concrete Pete
5275,US 101
5276,l3engee
5277,King Koney
5278,Snow City
5279,hug tower adc 
5280,Heroux4
5281,mxzgzy
5282,Livatious
5283,Fan no ishi
5284,Sam Screams
5285,Glaecr
5286,Brocean
5287,backlit by stars
5288,ReformedPlayer69
5289,Jawshy
5290,Ovise
5291,Pian Zi
5292,Magearna
5293,Alex55137
5294,RuhRohRush
5295,Spect
5296,Ceriaste
5297,Astority
5298,Mixtsure
5299,ApeXsnipe
5300,Iittle Ieyan
5301,D4ndy God 
5302,lonia
5303,Jendeuk3
5304,Flye
5305,Kenny1x
5306,bryan3838
5307,Dio giovanna
5308,Eisuke
5309,Rabbitsss
5310,Le Nan
5311,noyZee
5312,ClearLove20
5313,Blackcar223
5314,FireSin
5315,Pransie
5316,Go camille Go
5317,Born On Leash
5318,NightAurora
5319,klet p tio 
5320,Tox1c King
5321,DarkX
5322,Makimakima
5323,Korena
5324,Per Se Nuri
5325,CommandoreK
5326,Necroside
5327,nests
5328,20001128
5329,Kazahana
5330,Good Sir
5331,kaptur
5332,weweepepee
5333,MySwordCrimson
5334,Satawa
5335,Proveen09716
5336,The Meepist
5337,Yoshiwee
5338,Safbb1
5339,wendysfromfrosty
5340,Rickie
5341,Synotic
5342, N L
5343,Unleashed1
5344,Card Dude
5345,Yukiona
5346,LowIy
5347,Le JunMa
5348,Chisquared
5349,Mister Buga
5350,aidenaidenaiden
5351,candela
5352,DALT TOP
5353,RIP Ambi
5354,Salis
5355,ShwamWow
5356,Binklederry
5357,DGMaster
5358,MoeKiller99
5359,KevinS ur Savior
5360,evertan
5361,Yung Fappy
5362,rayma
5363,Styazu
5364,LAE xSWRD
5365,Warbil Fan
5366,LMQ XiaoWeiXiao1
5367,Under Lemon Tree
5368,Dat Boiiiiiiiii
5369,RyuShoryu
5370,Spectre
5371,BONGRIPSS
5372,One Iast kiss
5373,Dad
5374,Shoox
5375,UnDankDragon
5376,RexRequired
5377,Aominee
5378,KatQi
5379,MasterProfanity
5380,EU Blue
5381,basalist
5382,kegemos
5383,ChuChuZ
5384,Draven696969
5385,Axm
5386,Snakobki
5387,ELO CUCKOLD BLCK
5388,Yetzu V2
5389,CHADWlCK
5390,Magilou Mayvin
5391,Yutwo
5392,Coach Process
5393,aknid
5394,Saeyan
5395,CyanInkstone
5396,Riot Weeknd
5397,TOP PSYCHOPATH
5398,la Tigre
5399,CinnabarA
5400,DiscoBoat
5401,hi im ming
5402,Chuc T
5403,Monarch1
5404,Press R 4 Stonks
5405,Chen Luofei
5406,Ispin Charles
5407,EDG Minui
5408,Grace note
5409,Peace In Nature
5410,Tonington
5411,lolSaico
5412,Dragoxx
5413,Elandyr
5414,The Golden King
5415,I LOVE KENNIE
5416,hot winters
5417,Ledah
5418,L9 TIMMY
5419,Submission
5420,Ricefoxx
5421,Kaiscar
5422,T Z
5423,chuu fan
5424,Spin for Penta
5425,HULUHASLIVESPORT
5426,finding sunshine
5427,Koskinen
5428,adorns
5429,Votux the legend
5430,JQCBozz
5431,Ren Amamiya
5432,Proosia
5433,DIOR KATARINA
5434,dogpissplayer
5435,Myoyamyna
5436,andyincher
5437,Iced Venti
5438,joebidenwakeup
5439,Standard Fox
5440,Dos veces De
5441,Timescrollnom
5442,Nim Chimpsky
5443,good nightt
5444,17 16 17
5445,fracescovrgolini
5446,Nuo Mi Tuan Zi
5447,yuhhJoven
5448,kacia
5449,KetRekt068
5450,Katniss Evermeme
